// tools/make_logo.py が生成。手で編集しないこと。
// 元画像: assets/logo_src.png  (DOC-23 §7 / SWR-48)
#include "logo.h"

const uint16_t cm_logo_data[17748] = {
    0x0000, 0x0000, 0x0000, 0x0000, 0x0000, 0x0000, 0x0000, 0x0000, 0x0000, 0x0000, 0x0000, 0x0000,
    0x0000, 0x0000, 0x0000, 0x0000, 0x0000, 0x0000, 0x0000, 0x0000, 0x0000, 0x0000, 0x0000, 0x0000,
    0x0000, 0x0020, 0x0000, 0x0000, 0x0000, 0x0000, 0x0000, 0x0000, 0x0000, 0x0000, 0x0000, 0x0000,
    0x0000, 0x0000, 0x0000, 0x0000, 0x0000, 0x0000, 0x0000, 0x0000, 0x0000, 0x0000, 0x0000, 0x0000,
    0x0000, 0x0000, 0x0000, 0x0000, 0x0000, 0x0000, 0x0000, 0x0000, 0x0000, 0x0000, 0x0000, 0x0000,
    0x0000, 0x0000, 0x0000, 0x0000, 0x0000, 0x0000, 0x0000, 0x0000, 0x0000, 0x0000, 0x0000, 0x0000,
    0x0000, 0x0000, 0x0000, 0x0000, 0x0000, 0x0000, 0x0000, 0x0000, 0x0000, 0x0000, 0x0000, 0x0000,
    0x0000, 0x0000, 0x0000, 0x0000, 0x0000, 0x0000, 0x0000, 0x0000, 0x0000, 0x0000, 0x0000, 0x0000,
    0x0000, 0x0000, 0x0000, 0x0000, 0x0000, 0x0000, 0x0000, 0x0000, 0x0000, 0x0000, 0x0000, 0x0000,
    0x0000, 0x0000, 0x0000, 0x0000, 0x0000, 0x0000, 0x0000, 0x0000, 0x0000, 0x0000, 0x0000, 0x0000,
    0x0000, 0x0000, 0x0000, 0x0000, 0x0000, 0x0000, 0x0000, 0x0000, 0x0020, 0x0000, 0x0000, 0x0000,
    0x0000, 0x0000, 0x0000, 0x0000, 0x0000, 0x0000, 0x0000, 0x0000, 0x0000, 0x0000, 0x0000, 0x0000,
    0x0000, 0x0000, 0x0000, 0x0000, 0x0000, 0x0000, 0x0000, 0x0000, 0x0000, 0x0000, 0x0000, 0x0000,
    0x0000, 0x0000, 0x0000, 0x0000, 0x0000, 0x0000, 0x0000, 0x0000, 0x0000, 0x0000, 0x0000, 0x0000,
    0x0000, 0x0000, 0x0000, 0x0000, 0x0000, 0x0000, 0x0000, 0x0000, 0x0000, 0x0000, 0x0000, 0x0000,
    0x0000, 0x0000, 0x0000, 0x0000, 0x0000, 0x0000, 0x0000, 0x0000, 0x0000, 0x0000, 0x0000, 0x0000,
    0x0000, 0x0000, 0x0000, 0x0000, 0x0000, 0x0000, 0x0000, 0x0000, 0x0000, 0x0000, 0x0000, 0x0000,
    0x0000, 0x0000, 0x0000, 0x0000, 0x0000, 0x0000, 0x0000, 0x0000, 0x0000, 0x0000, 0x0000, 0x0000,
    0x0000, 0x0000, 0x0000, 0x0000, 0x0000, 0x0000, 0x0000, 0x0000, 0x0000, 0x0000, 0x0000, 0x0000,
    0x0020, 0x0000, 0x0020, 0x0020, 0x0000, 0x0000, 0x0000, 0x0000, 0x0000, 0x0000, 0x0000, 0x0000,
    0x0000, 0x0000, 0x0000, 0x0000, 0x0000, 0x0000, 0x0000, 0x0000, 0x0000, 0x0000, 0x0000, 0x0000,
    0x0000, 0x0000, 0x0000, 0x0000, 0x0000, 0x0000, 0x0000, 0x0000, 0x0000, 0x0000, 0x0000, 0x0000,
    0x0000, 0x0000, 0x0000, 0x0000, 0x0000, 0x0000, 0x0000, 0x0000, 0x0000, 0x0000, 0x0000, 0x0000,
    0x0000, 0x0020, 0x0020, 0x0020, 0x0020, 0x0000, 0x0000, 0x0000, 0x0000, 0x0000, 0x0000, 0x0000,
    0x0000, 0x0000, 0x0000, 0x0000, 0x0000, 0x0000, 0x0000, 0x0000, 0x0000, 0x0000, 0x0000, 0x0000,
    0x0000, 0x0000, 0x0000, 0x0000, 0x0000, 0x0000, 0x0000, 0x0000, 0x0000, 0x0000, 0x0000, 0x0000,
    0x0000, 0x0000, 0x0000, 0x0000, 0x0000, 0x0000, 0x0000, 0x0000, 0x0000, 0x0000, 0x0000, 0x0000,
    0x0000, 0x0000, 0x0000, 0x0000, 0x0000, 0x0000, 0x0000, 0x0000, 0x0000, 0x0000, 0x0020, 0x0020,
    0x0000, 0x0000, 0x0000, 0x0000, 0x0000, 0x0000, 0x0000, 0x0000, 0x0000, 0x0000, 0x0000, 0x0000,
    0x0000, 0x0000, 0x0000, 0x0000, 0x0000, 0x0000, 0x0000, 0x0000, 0x0000, 0x0000, 0x0000, 0x0000,
    0x0000, 0x0000, 0x0000, 0x0000, 0x0000, 0x0000, 0x0000, 0x0000, 0x0000, 0x0000, 0x0000, 0x0000,
    0x0000, 0x0000, 0x0000, 0x0000, 0x0000, 0x0000, 0x0000, 0x0000, 0x0000, 0x0000, 0x0020, 0x0020,
    0x0020, 0x0020, 0x0000, 0x0000, 0x0000, 0x0000, 0x0000, 0x0000, 0x0000, 0x0000, 0x0000, 0x0000,
    0x0000, 0x0000, 0x0000, 0x0000, 0x0000, 0x0000, 0x0000, 0x0000, 0x0000, 0x0000, 0x0000, 0x0000,
    0x0000, 0x0000, 0x0000, 0x0000, 0x0000, 0x0000, 0x0000, 0x0000, 0x0000, 0x0000, 0x0000, 0x0000,
    0x0000, 0x0000, 0x0000, 0x0000, 0x0000, 0x0000, 0x0000, 0x0000, 0x0000, 0x0000, 0x0000, 0x0000,
    0x0000, 0x0000, 0x0000, 0x0000, 0x0000, 0x0000, 0x0000, 0x0000, 0x0000, 0x0000, 0x0000, 0x0000,
    0x0000, 0x0000, 0x0000, 0x0000, 0x0000, 0x0000, 0x0000, 0x0000, 0x0000, 0x0000, 0x0000, 0x0000,
    0x0000, 0x0000, 0x0000, 0x0000, 0x0000, 0x0000, 0x0000, 0x0000, 0x0000, 0x0000, 0x0000, 0x0000,
    0x0000, 0x0000, 0x0000, 0x0000, 0x0000, 0x0000, 0x0000, 0x0000, 0x0000, 0x0000, 0x0000, 0x0000,
    0x0000, 0x0000, 0x0000, 0x0000, 0x0000, 0x0000, 0x0000, 0x0000, 0x0000, 0x0000, 0x0000, 0x0000,
    0x0000, 0x0000, 0x0000, 0x0000, 0x0000, 0x0000, 0x0000, 0x0000, 0x0000, 0x0000, 0x0000, 0x0000,
    0x0000, 0x0000, 0x0000, 0x0000, 0x0000, 0x0000, 0x0000, 0x0000, 0x0000, 0x0000, 0x0000, 0x0000,
    0x0000, 0x0000, 0x0000, 0x0000, 0x0000, 0x0000, 0x0000, 0x0000, 0x0000, 0x0000, 0x0000, 0x0000,
    0x0000, 0x0000, 0x0000, 0x0000, 0x0000, 0x0000, 0x0000, 0x0000, 0x0000, 0x0020, 0x0000, 0x0000,
    0x0000, 0x0000, 0x0000, 0x0000, 0x0000, 0x0000, 0x0000, 0x0000, 0x0000, 0x0000, 0x0000, 0x0000,
    0x0000, 0x0000, 0x0000, 0x0000, 0x0000, 0x0000, 0x0000, 0x0000, 0x0000, 0x0000, 0x0000, 0x0000,
    0x0000, 0x0000, 0x0000, 0x0000, 0x0000, 0x0000, 0x0000, 0x0000, 0x0000, 0x0000, 0x0000, 0x0000,
    0x0000, 0x0000, 0x0000, 0x0000, 0x0000, 0x0000, 0x0000, 0x0000, 0x0000, 0x0000, 0x0000, 0x0000,
    0x0000, 0x0000, 0x0000, 0x0000, 0x0000, 0x0000, 0x0000, 0x0000, 0x0000, 0x0000, 0x0000, 0x0000,
    0x0000, 0x0000, 0x0000, 0x0000, 0x0000, 0x0000, 0x0000, 0x0000, 0x0000, 0x0000, 0x0000, 0x0000,
    0x0000, 0x0000, 0x0000, 0x0000, 0x0000, 0x0000, 0x0000, 0x0000, 0x0000, 0x0000, 0x0000, 0x0000,
    0x0000, 0x0000, 0x0000, 0x0000, 0x0000, 0x0000, 0x0000, 0x0000, 0x0000, 0x0000, 0x0000, 0x0000,
    0x10A2, 0x7BEF, 0x94B2, 0x94B2, 0x94B2, 0x94B2, 0x94B2, 0x94B2, 0x94B2, 0x94B2, 0x94B2, 0x94B2,
    0x94B2, 0x94B2, 0x94B2, 0x94B2, 0x94B2, 0x94B2, 0x94B2, 0x94B2, 0x94B2, 0x94B2, 0x94B2, 0x94B2,
    0x94B2, 0x94B2, 0x94B2, 0x94B2, 0x94B2, 0x94B2, 0x94B2, 0x94B2, 0x94B2, 0x94B2, 0x94B2, 0x94B2,
    0x94B2, 0x94B2, 0x94B2, 0x94B2, 0x94B2, 0x94B2, 0x94B2, 0x94B2, 0x94B2, 0x94B2, 0x94B2, 0x94B2,
    0x94B2, 0x94B2, 0x94B2, 0x9492, 0x39E7, 0x18C3, 0x8430, 0x9492, 0x94B2, 0x94B2, 0x94B2, 0x94B2,
    0x94B2, 0x94B2, 0x94B2, 0x94B2, 0x94B2, 0x94B2, 0x94B2, 0x94B2, 0x94B2, 0x94B2, 0x94B2, 0x94B2,
    0x94B2, 0x94B2, 0x94B2, 0x94B2, 0x94B2, 0x94B2, 0x94B2, 0x94B2, 0x94B2, 0x94B2, 0x94B2, 0x94B2,
    0x94B2, 0x94B2, 0x94B2, 0x94B2, 0x94B2, 0x94B2, 0x94B2, 0x94B2, 0x94B2, 0x94B2, 0x94B2, 0x94B2,
    0x94B2, 0x94B2, 0x94B2, 0x94B2, 0x94B2, 0x94B2, 0x94B2, 0x9492, 0x4A49, 0x0000, 0x6B4D, 0x94B2,
    0x94B2, 0x94B2, 0x94B2, 0x94B2, 0x94B2, 0x94B2, 0x94B2, 0x94B2, 0x94B2, 0x94B2, 0x94B2, 0x94B2,
    0x94B2, 0x94B2, 0x94B2, 0x94B2, 0x94B2, 0x94B2, 0x94B2, 0x94B2, 0x94B2, 0x94B2, 0x94B2, 0x94B2,
    0x94B2, 0x94B2, 0x94B2, 0x94B2, 0x94B2, 0x94B2, 0x94B2, 0x94B2, 0x94B2, 0x94B2, 0x94B2, 0x94B2,
    0x94B2, 0x94B2, 0x94B2, 0x94B2, 0x94B2, 0x94B2, 0x94B2, 0x94B2, 0x94B2, 0x94B2, 0x94B2, 0x7BEF,
    0x10A2, 0x0000, 0x0000, 0x0000, 0x0000, 0x0000, 0x0000, 0x0000, 0x0000, 0x0000, 0x0000, 0x0000,
    0x0000, 0x0000, 0x0000, 0x0000, 0x0000, 0x0000, 0x0000, 0x0000, 0x0000, 0x0000, 0x0000, 0x0000,
    0x0000, 0x0000, 0x0000, 0x0000, 0x0000, 0x0000, 0x0000, 0x0000, 0x0000, 0x0000, 0x0000, 0x0000,
    0x0000, 0x0000, 0x0000, 0x0000, 0x0000, 0x0000, 0x0000, 0x0000, 0x0000, 0x0000, 0x0000, 0x0000,
    0x2945, 0xF7BE, 0xBDD7, 0x94B2, 0x9CF3, 0x9CF3, 0x9CF3, 0x9CF3, 0x9CF3, 0x9CF3, 0x9CF3, 0x9CF3,
    0x9CF3, 0x9CF3, 0x9CF3, 0x9CF3, 0x9CF3, 0x9CF3, 0x9CF3, 0x9CF3, 0x9CF3, 0x9CF3, 0x9CF3, 0x9CF3,
    0x9CF3, 0x9CD3, 0x9CF3, 0x9CF3, 0x9CF3, 0x9CF3, 0x9CF3, 0x9CF3, 0x9CF3, 0x9CF3, 0x9CF3, 0x9CF3,
    0x9CD3, 0x9CF3, 0x9CF3, 0x9CF3, 0x9CF3, 0x9CF3, 0x9CF3, 0x9CF3, 0x9CF3, 0x9CD3, 0x9CF3, 0x9CF3,
    0x9CD3, 0x9CD3, 0x8C71, 0xF79E, 0x8430, 0x2945, 0xFFFF, 0xAD75, 0x9CD3, 0x9CD3, 0x9CF3, 0x9CF3,
    0x9CF3, 0x9CD3, 0x9CF3, 0x9CF3, 0x9CF3, 0x9CF3, 0x9CF3, 0x9CF3, 0x9CF3, 0x9CF3, 0x9CF3, 0x9CF3,
    0x9CF3, 0x9CF3, 0x9CF3, 0x9CF3, 0x9CF3, 0x9CF3, 0x9CF3, 0x9CF3, 0x9CF3, 0x9CF3, 0x9CF3, 0x9CF3,
    0x9CF3, 0x9CF3, 0x9CF3, 0x9CF3, 0x9CF3, 0x9CF3, 0x9CF3, 0x9CF3, 0x9CF3, 0x9CF3, 0x9CF3, 0x9CF3,
    0x9CD3, 0x9CD3, 0x9CD3, 0x9CD3, 0x9CF3, 0x9CD3, 0x9CD3, 0xF7BE, 0x8C71, 0x0000, 0xD69A, 0xD6BA,
    0x94B2, 0x9CF3, 0x9CF3, 0x9CF3, 0x9CF3, 0x9CF3, 0x9CF3, 0x9CF3, 0x9CD3, 0x9CF3, 0x9CF3, 0x9CF3,
    0x9CF3, 0x9CF3, 0x9CF3, 0x9CF3, 0x9CF3, 0x9CF3, 0x9CF3, 0x9CF3, 0x9CF3, 0x9CF3, 0x9CF3, 0x9CF3,
    0x9CF3, 0x9CF3, 0x9CF3, 0x9CF3, 0x9CF3, 0x9CF3, 0x9CF3, 0x9CF3, 0x9CF3, 0x9CF3, 0x9CF3, 0x9CF3,
    0x9CF3, 0x9CF3, 0x9CF3, 0x9CF3, 0x9CF3, 0x9CF3, 0x9CF3, 0x9CF3, 0x9CF3, 0x94B2, 0xB5B6, 0xF79E,
    0x2965, 0x0000, 0x0000, 0x0000, 0x0000, 0x0000, 0x0000, 0x0000, 0x0000, 0x0000, 0x0000, 0x0000,
    0x0000, 0x0000, 0x0000, 0x0000, 0x0000, 0x0000, 0x0000, 0x0000, 0x0000, 0x0000, 0x0000, 0x0000,
    0x0000, 0x0000, 0x0000, 0x0000, 0x0000, 0x0000, 0x0000, 0x0000, 0x0000, 0x0000, 0x0000, 0x0000,
    0x0000, 0x0000, 0x0000, 0x0000, 0x0000, 0x0000, 0x0000, 0x0000, 0x0000, 0x0000, 0x0000, 0x0000,
    0x2124, 0xF79E, 0x39C7, 0x0000, 0x0000, 0x0000, 0x0000, 0x0000, 0x0000, 0x0000, 0x0000, 0x0000,
    0x0000, 0x0000, 0x0000, 0x0000, 0x0000, 0x0000, 0x0000, 0x0000, 0x0000, 0x0000, 0x0000, 0x0000,
    0x0000, 0x0000, 0x0000, 0x0000, 0x0000, 0x0000, 0x0000, 0x0000, 0x0000, 0x0000, 0x0000, 0x0000,
    0x0000, 0x0000, 0x0000, 0x0000, 0x0000, 0x0000, 0x0000, 0x0000, 0x0000, 0x0000, 0x0000, 0x0000,
    0x0000, 0x0000, 0x0000, 0xB596, 0x8C51, 0x2945, 0xEF7D, 0x10A2, 0x0000, 0x0000, 0x0000, 0x0000,
    0x0000, 0x0000, 0x0000, 0x0000, 0x0000, 0x0000, 0x0000, 0x0000, 0x0000, 0x0000, 0x0000, 0x0000,
    0x0000, 0x0000, 0x0000, 0x0000, 0x0000, 0x0000, 0x0000, 0x0000, 0x0000, 0x0000, 0x0000, 0x0000,
    0x0000, 0x0000, 0x0000, 0x0000, 0x0000, 0x0000, 0x0000, 0x0000, 0x0000, 0x0000, 0x0000, 0x0000,
    0x0000, 0x0000, 0x0000, 0x0000, 0x0000, 0x0000, 0x0000, 0xC618, 0x8C71, 0x0000, 0xCE79, 0x738E,
    0x0000, 0x0000, 0x0000, 0x0000, 0x0000, 0x0000, 0x0000, 0x0000, 0x0000, 0x0000, 0x0000, 0x0000,
    0x0000, 0x0000, 0x0000, 0x0000, 0x0000, 0x0000, 0x0000, 0x0000, 0x0000, 0x0000, 0x0000, 0x0000,
    0x0000, 0x0000, 0x0000, 0x0000, 0x0000, 0x0000, 0x0000, 0x0000, 0x0000, 0x0000, 0x0000, 0x0000,
    0x0000, 0x0000, 0x0000, 0x0000, 0x0000, 0x0000, 0x0000, 0x0000, 0x0000, 0x0000, 0x3186, 0xEF5D,
    0x2124, 0x0000, 0x0000, 0x0000, 0x0000, 0x0000, 0x0000, 0x0000, 0x0000, 0x0000, 0x0000, 0x0000,
    0x0000, 0x0000, 0x0000, 0x0000, 0x0000, 0x0000, 0x0000, 0x0000, 0x0000, 0x0000, 0x0000, 0x0000,
    0x0000, 0x0000, 0x0000, 0x0000, 0x0000, 0x0000, 0x0000, 0x0000, 0x0000, 0x0000, 0x0000, 0x0000,
    0x0000, 0x0000, 0x0000, 0x0000, 0x0000, 0x0000, 0x0000, 0x0000, 0x0000, 0x0000, 0x0000, 0x0000,
    0x2124, 0xF79E, 0x4A49, 0x0000, 0x0020, 0x0000, 0x0000, 0x0020, 0x0020, 0x0020, 0x0020, 0x0020,
    0x0020, 0x0020, 0x0020, 0x0020, 0x0020, 0x0020, 0x0020, 0x0020, 0x0020, 0x0020, 0x0000, 0x0000,
    0x0000, 0x0000, 0x0000, 0x0000, 0x0000, 0x0000, 0x0000, 0x0000, 0x0020, 0x0020, 0x0020, 0x0020,
    0x0020, 0x0020, 0x0020, 0x0020, 0x0020, 0x0020, 0x0020, 0x0020, 0x0020, 0x0020, 0x0020, 0x0020,
    0x0000, 0x0020, 0x0000, 0xBDD7, 0x8C51, 0x2945, 0xEF7D, 0x2124, 0x0000, 0x0020, 0x0000, 0x0020,
    0x0020, 0x0020, 0x0020, 0x0020, 0x0020, 0x0020, 0x0020, 0x0020, 0x0020, 0x0020, 0x0020, 0x0020,
    0x0020, 0x0020, 0x0020, 0x0020, 0x0020, 0x0020, 0x0020, 0x0020, 0x0020, 0x0020, 0x0020, 0x0020,
    0x0020, 0x0020, 0x0020, 0x0020, 0x0020, 0x0020, 0x0020, 0x0020, 0x0000, 0x0000, 0x0000, 0x0000,
    0x0000, 0x0000, 0x0000, 0x0000, 0x0020, 0x0020, 0x0000, 0xCE59, 0x8C51, 0x0000, 0xCE79, 0x7BCF,
    0x0000, 0x0020, 0x0020, 0x0020, 0x0020, 0x0020, 0x0020, 0x0020, 0x0020, 0x0020, 0x0020, 0x0020,
    0x0020, 0x0000, 0x0000, 0x0000, 0x0000, 0x0000, 0x0000, 0x0020, 0x0020, 0x0020, 0x0020, 0x0020,
    0x0020, 0x0020, 0x0020, 0x0000, 0x0000, 0x0000, 0x0000, 0x0000, 0x0000, 0x0020, 0x0020, 0x0020,
    0x0020, 0x0020, 0x0020, 0x0020, 0x0020, 0x0020, 0x0020, 0x0000, 0x0020, 0x0000, 0x4208, 0xEF7D,
    0x2945, 0x0000, 0x0000, 0x0000, 0x0000, 0x0000, 0x0000, 0x0000, 0x0000, 0x0000, 0x0000, 0x0000,
    0x0000, 0x0000, 0x0000, 0x0000, 0x0000, 0x0000, 0x0000, 0x0000, 0x0000, 0x0000, 0x0000, 0x0000,
    0x0000, 0x0000, 0x0000, 0x0000, 0x0000, 0x0000, 0x0000, 0x0000, 0x0000, 0x0000, 0x0000, 0x0000,
    0x0000, 0x0000, 0x0000, 0x0000, 0x0000, 0x0000, 0x0000, 0x0000, 0x0000, 0x0000, 0x0000, 0x0000,
    0x2124, 0xF79E, 0x4228, 0x0000, 0x0020, 0x0000, 0x0000, 0x0000, 0x0000, 0x0000, 0x0000, 0x0000,
    0x0000, 0x0000, 0x0000, 0x0000, 0x0000, 0x0000, 0x0000, 0x0000, 0x0000, 0x0000, 0x0000, 0x0000,
    0x0000, 0x0000, 0x0000, 0x0000, 0x0000, 0x0000, 0x0000, 0x0000, 0x0000, 0x0000, 0x0000, 0x0000,
    0x0000, 0x0000, 0x0000, 0x0000, 0x0000, 0x0000, 0x0000, 0x0000, 0x0000, 0x0000, 0x0000, 0x0000,
    0x0000, 0x0000, 0x0000, 0xBDD7, 0x8C51, 0x2945, 0xEF7D, 0x2104, 0x0000, 0x0020, 0x0000, 0x0000,
    0x0000, 0x0000, 0x0000, 0x0000, 0x0000, 0x0000, 0x0000, 0x0000, 0x0000, 0x0000, 0x0000, 0x0000,
    0x0000, 0x0000, 0x0000, 0x0000, 0x0000, 0x0000, 0x0000, 0x0000, 0x0000, 0x0000, 0x0000, 0x0000,
    0x0000, 0x0000, 0x0000, 0x0000, 0x0000, 0x0000, 0x0000, 0x0000, 0x0000, 0x0020, 0x0000, 0x0000,
    0x0000, 0x0000, 0x0000, 0x0000, 0x0000, 0x0000, 0x0000, 0xC638, 0x8C51, 0x0000, 0xCE79, 0x7BCF,
    0x0000, 0x0020, 0x0000, 0x0000, 0x0000, 0x0000, 0x0000, 0x0000, 0x0000, 0x0000, 0x0000, 0x0000,
    0x0000, 0x0000, 0x0000, 0x0000, 0x0000, 0x0000, 0x0000, 0x0000, 0x0000, 0x0000, 0x0000, 0x0000,
    0x0000, 0x0000, 0x0000, 0x0000, 0x0000, 0x0000, 0x0000, 0x0000, 0x0000, 0x0000, 0x0000, 0x0000,
    0x0000, 0x0000, 0x0000, 0x0000, 0x0000, 0x0000, 0x0000, 0x0000, 0x0000, 0x0000, 0x4208, 0xEF7D,
    0x2945, 0x0000, 0x0000, 0x0000, 0x0000, 0x0000, 0x0000, 0x0000, 0x0000, 0x0000, 0x0000, 0x0000,
    0x0000, 0x0000, 0x0000, 0x0000, 0x0000, 0x0000, 0x0000, 0x0000, 0x0000, 0x0000, 0x0000, 0x0000,
    0x0000, 0x0000, 0x0000, 0x0000, 0x0000, 0x0000, 0x0000, 0x0000, 0x0000, 0x0000, 0x0000, 0x0000,
    0x0000, 0x0000, 0x0000, 0x0000, 0x0000, 0x0000, 0x0000, 0x0000, 0x0000, 0x0000, 0x0000, 0x0000,
    0x2104, 0xF79E, 0x4228, 0x0000, 0x0020, 0x0000, 0x0020, 0x528A, 0x738E, 0x6B6D, 0x6B6D, 0x6B6D,
    0x6B6D, 0x6B6D, 0x6B6D, 0x738E, 0x6B6D, 0x6B6D, 0x6B6D, 0x6B6D, 0x738E, 0x528A, 0x0000, 0x0000,
    0x0000, 0x0000, 0x0000, 0x0000, 0x0000, 0x0000, 0x0020, 0x0000, 0x2965, 0x738E, 0x6B6D, 0x6B6D,
    0x6B6D, 0x6B6D, 0x6B6D, 0x6B6D, 0x6B6D, 0x6B6D, 0x6B6D, 0x6B6D, 0x6B6D, 0x6B6D, 0x738E, 0x18E3,
    0x0000, 0x0020, 0x0000, 0xBDD7, 0x8430, 0x2945, 0xEF7D, 0x2104, 0x0000, 0x0020, 0x0000, 0x10A2,
    0x6B4D, 0x738E, 0x6B6D, 0x6B6D, 0x6B6D, 0x6B6D, 0x6B6D, 0x6B6D, 0x6B6D, 0x6B6D, 0x6B6D, 0x6B6D,
    0x6B6D, 0x6B6D, 0x6B6D, 0x6B6D, 0x6B6D, 0x6B6D, 0x6B6D, 0x6B6D, 0x6B6D, 0x6B6D, 0x6B6D, 0x738E,
    0x738E, 0x6B6D, 0x6B6D, 0x6B6D, 0x738E, 0x6B6D, 0x4228, 0x2104, 0x0020, 0x0000, 0x0020, 0x0020,
    0x0000, 0x0000, 0x0020, 0x0020, 0x0000, 0x0000, 0x0000, 0xCE59, 0x8C51, 0x0000, 0xCE79, 0x7BCF,
    0x0000, 0x0861, 0x2124, 0x2124, 0x2104, 0x2104, 0x2104, 0x2104, 0x2104, 0x2104, 0x2104, 0x2104,
    0x18E3, 0x0020, 0x0000, 0x0000, 0x0000, 0x0000, 0x0861, 0x2124, 0x2104, 0x18E3, 0x18E3, 0x18E3,
    0x18E3, 0x2104, 0x2124, 0x0861, 0x0020, 0x0020, 0x0000, 0x0000, 0x0020, 0x10A2, 0x2104, 0x18E3,
    0x18E3, 0x18E3, 0x2104, 0x2104, 0x2104, 0x2104, 0x2104, 0x2104, 0x0841, 0x0000, 0x4208, 0xEF7D,
    0x2124, 0x0000, 0x0000, 0x0000, 0x0000, 0x0000, 0x0000, 0x0000, 0x0000, 0x0000, 0x0000, 0x0000,
    0x0000, 0x0000, 0x0000, 0x0000, 0x0000, 0x0000, 0x0000, 0x0000, 0x0000, 0x0000, 0x0000, 0x0000,
    0x0000, 0x0000, 0x0000, 0x0000, 0x0000, 0x0000, 0x0000, 0x0000, 0x0000, 0x0000, 0x0000, 0x0000,
    0x0000, 0x0000, 0x0000, 0x0000, 0x0000, 0x0000, 0x0000, 0x0000, 0x0000, 0x0000, 0x0000, 0x0000,
    0x2104, 0xF79E, 0x4228, 0x0000, 0x0020, 0x0000, 0x0000, 0xC618, 0xFFFF, 0xFFFF, 0xFFFF, 0xFFFF,
    0xFFFF, 0xFFFF, 0xFFFF, 0xFFFF, 0xFFFF, 0xFFFF, 0xFFFF, 0xFFFF, 0xFFFF, 0xE71C, 0x0861, 0x0000,
    0x0000, 0x0000, 0x0000, 0x0000, 0x0000, 0x0000, 0x0020, 0x0000, 0x9492, 0xFFFF, 0xFFFF, 0xFFFF,
    0xFFFF, 0xFFFF, 0xFFFF, 0xFFFF, 0xFFFF, 0xFFFF, 0xFFFF, 0xFFFF, 0xFFFF, 0xFFFF, 0xFFFF, 0x4208,
    0x0000, 0x0020, 0x0000, 0xBDD7, 0x8C51, 0x2945, 0xF79E, 0x2104, 0x0000, 0x0020, 0x0000, 0x3186,
    0xFFDF, 0xFFFF, 0xFFFF, 0xFFFF, 0xFFFF, 0xFFFF, 0xFFFF, 0xFFFF, 0xFFFF, 0xFFFF, 0xFFFF, 0xFFFF,
    0xFFFF, 0xFFFF, 0xFFFF, 0xFFFF, 0xFFFF, 0xFFFF, 0xFFFF, 0xFFFF, 0xFFFF, 0xFFFF, 0xFFFF, 0xFFFF,
    0xFFFF, 0xFFFF, 0xFFFF, 0xFFFF, 0xFFFF, 0xFFFF, 0xFFFF, 0xEF7D, 0xC618, 0x630C, 0x0020, 0x0000,
    0x0020, 0x0000, 0x0000, 0x0000, 0x0000, 0x0000, 0x0000, 0xCE59, 0x8C51, 0x0000, 0xCE79, 0x7BCF,
    0x0000, 0x10A2, 0xD6BA, 0xF7BE, 0xEF7D, 0xF79E, 0xF79E, 0xF79E, 0xF79E, 0xF79E, 0xF79E, 0xF79E,
    0xDEDB, 0x18E3, 0x0000, 0x0000, 0x0000, 0x0000, 0x632C, 0xF7BE, 0xEF5D, 0xF79E, 0xF79E, 0xF79E,
    0xF79E, 0xEF7D, 0xF79E, 0x7BEF, 0x0000, 0x0020, 0x0000, 0x0020, 0x0000, 0xB596, 0xF7BE, 0xEF7D,
    0xF79E, 0xF79E, 0xF79E, 0xF79E, 0xF79E, 0xEF7D, 0xF79E, 0xC638, 0x10A2, 0x0000, 0x4208, 0xEF7D,
    0x2124, 0x0000, 0x0000, 0x0000, 0x0000, 0x0000, 0x0000, 0x0000, 0x0000, 0x0000, 0x0000, 0x0000,
    0x0000, 0x0000, 0x0000, 0x0000, 0x0000, 0x0000, 0x0000, 0x0000, 0x0000, 0x0000, 0x0000, 0x0000,
    0x0000, 0x0000, 0x0000, 0x0000, 0x0000, 0x0000, 0x0000, 0x0000, 0x0000, 0x0000, 0x0000, 0x0000,
    0x0000, 0x0000, 0x0000, 0x0000, 0x0000, 0x0000, 0x0000, 0x0000, 0x0000, 0x0000, 0x0000, 0x0000,
    0x2104, 0xF79E, 0x4228, 0x0000, 0x0020, 0x0000, 0x0020, 0xB5B6, 0xFFFF, 0xFFDF, 0xFFFF, 0xFFFF,
    0xFFFF, 0xFFFF, 0xFFFF, 0xFFDF, 0xFFDF, 0xFFDF, 0xFFDF, 0xFFDF, 0xFFDF, 0xFFDF, 0x4228, 0x0000,
    0x0020, 0x0000, 0x0000, 0x0000, 0x0000, 0x0000, 0x0000, 0x0861, 0xD69A, 0xFFFF, 0xFFDF, 0xFFFF,
    0xFFFF, 0xFFFF, 0xFFFF, 0xFFFF, 0xFFFF, 0xFFFF, 0xFFFF, 0xFFFF, 0xFFFF, 0xFFDF, 0xFFDF, 0x4208,
    0x0000, 0x0841, 0x0000, 0xBDD7, 0x8C51, 0x2945, 0xF79E, 0x2104, 0x0000, 0x0000, 0x0000, 0x2965,
    0xEF7D, 0xFFFF, 0xFFDF, 0xFFFF, 0xFFFF, 0xFFFF, 0xFFFF, 0xFFFF, 0xFFFF, 0xFFFF, 0xFFFF, 0xFFFF,
    0xFFFF, 0xFFFF, 0xFFFF, 0xFFFF, 0xFFFF, 0xFFFF, 0xFFFF, 0xFFDF, 0xFFDF, 0xFFDF, 0xFFDF, 0xFFDF,
    0xFFFF, 0xFFFF, 0xFFFF, 0xFFDF, 0xFFDF, 0xFFDF, 0xFFFF, 0xFFFF, 0xFFFF, 0xFFFF, 0xC618, 0x3186,
    0x0000, 0x0020, 0x0000, 0x0000, 0x0000, 0x0000, 0x0000, 0xCE59, 0x8C51, 0x0000, 0xCE79, 0x7BCF,
    0x0000, 0x0000, 0xB596, 0xFFFF, 0xFFFF, 0xFFFF, 0xFFFF, 0xFFFF, 0xFFFF, 0xFFFF, 0xFFFF, 0xFFFF,
    0xFFDF, 0x39E7, 0x0000, 0x0000, 0x0000, 0x0000, 0xB5B6, 0xFFFF, 0xFFDF, 0xFFFF, 0xFFFF, 0xFFFF,
    0xFFFF, 0xFFFF, 0xFFFF, 0xAD55, 0x0000, 0x0000, 0x0020, 0x0000, 0x0861, 0xD6BA, 0xFFFF, 0xFFFF,
    0xFFFF, 0xFFFF, 0xFFFF, 0xFFFF, 0xFFFF, 0xFFFF, 0xFFFF, 0xB5B6, 0x0020, 0x0000, 0x4208, 0xEF7D,
    0x2124, 0x0000, 0x0000, 0x0000, 0x0000, 0x0000, 0x0000, 0x0000, 0x0000, 0x0000, 0x0000, 0x0000,
    0x0000, 0x0000, 0x0000, 0x0000, 0x0000, 0x0000, 0x0000, 0x0000, 0x0000, 0x0000, 0x0000, 0x0000,
    0x0000, 0x0000, 0x0000, 0x0000, 0x0000, 0x0000, 0x0000, 0x0000, 0x0000, 0x0000, 0x0000, 0x0000,
    0x0000, 0x0000, 0x0000, 0x0000, 0x0000, 0x0000, 0x0000, 0x0000, 0x0000, 0x0000, 0x0000, 0x0000,
    0x2104, 0xF79E, 0x4228, 0x0000, 0x0020, 0x0000, 0x0000, 0xBDD7, 0xFFFF, 0xFFFF, 0xFFFF, 0xFFFF,
    0xFFFF, 0xFFFF, 0xFFFF, 0xFFFF, 0xFFFF, 0xFFFF, 0xFFFF, 0xFFFF, 0xFFDF, 0xFFFF, 0x9CD3, 0x0000,
    0x0020, 0x0000, 0x0000, 0x0000, 0x0000, 0x0020, 0x0000, 0x39E7, 0xFFDF, 0xFFFF, 0xFFFF, 0xFFFF,
    0xFFFF, 0xFFFF, 0xFFFF, 0xFFFF, 0xFFFF, 0xFFFF, 0xFFFF, 0xFFFF, 0xFFFF, 0xFFFF, 0xFFFF, 0x39E7,
    0x0000, 0x0841, 0x0000, 0xBDD7, 0x8C51, 0x2945, 0xF79E, 0x2104, 0x0000, 0x0000, 0x0000, 0x2965,
    0xF79E, 0xFFFF, 0xFFFF, 0xFFFF, 0xFFFF, 0xFFFF, 0xFFFF, 0xFFFF, 0xFFFF, 0xFFFF, 0xFFFF, 0xFFFF,
    0xFFFF, 0xFFFF, 0xFFFF, 0xFFFF, 0xFFFF, 0xFFFF, 0xFFFF, 0xFFFF, 0xFFFF, 0xFFFF, 0xFFFF, 0xFFFF,
    0xFFFF, 0xFFFF, 0xFFFF, 0xFFFF, 0xFFFF, 0xFFFF, 0xFFFF, 0xFFFF, 0xFFDF, 0xFFDF, 0xFFFF, 0xEF5D,
    0x3186, 0x0000, 0x0000, 0x0000, 0x0000, 0x0000, 0x0000, 0xCE59, 0x8C51, 0x0000, 0xCE79, 0x7BCF,
    0x0000, 0x0000, 0x8410, 0xFFFF, 0xFFDF, 0xFFFF, 0xFFFF, 0xFFFF, 0xFFFF, 0xFFFF, 0xFFFF, 0xFFFF,
    0xFFFF, 0x528A, 0x0000, 0x0020, 0x0000, 0x10A2, 0xDEFB, 0xFFFF, 0xFFDF, 0xFFFF, 0xFFFF, 0xFFFF,
    0xFFFF, 0xFFFF, 0xFFFF, 0xD6BA, 0x10A2, 0x0000, 0x0020, 0x0000, 0x2945, 0xEF7D, 0xFFFF, 0xFFFF,
    0xFFFF, 0xFFFF, 0xFFFF, 0xFFFF, 0xFFFF, 0xFFDF, 0xFFFF, 0x8C71, 0x0000, 0x0000, 0x4208, 0xEF7D,
    0x2124, 0x0000, 0x0000, 0x0000, 0x0000, 0x0000, 0x0000, 0x0000, 0x0000, 0x0000, 0x0000, 0x0000,
    0x0000, 0x0000, 0x0000, 0x0000, 0x0000, 0x0000, 0x0000, 0x0000, 0x0000, 0x0000, 0x0000, 0x0000,
    0x0000, 0x0000, 0x0000, 0x0000, 0x0000, 0x0000, 0x0000, 0x0000, 0x0000, 0x0000, 0x0000, 0x0000,
    0x0000, 0x0000, 0x0000, 0x0000, 0x0000, 0x0000, 0x0000, 0x0000, 0x0000, 0x0000, 0x0000, 0x0000,
    0x2104, 0xF79E, 0x4228, 0x0000, 0x0020, 0x0000, 0x0000, 0xBDD7, 0xFFFF, 0xFFFF, 0xFFFF, 0xFFFF,
    0xFFFF, 0xFFFF, 0xFFFF, 0xFFFF, 0xFFFF, 0xFFFF, 0xFFFF, 0xFFFF, 0xFFFF, 0xFFFF, 0xD6BA, 0x1082,
    0x0000, 0x0000, 0x0000, 0x0000, 0x0000, 0x0020, 0x0000, 0x7BCF, 0xFFFF, 0xFFFF, 0xFFFF, 0xFFFF,
    0xFFFF, 0xFFFF, 0xFFFF, 0xFFFF, 0xFFFF, 0xFFFF, 0xFFFF, 0xFFFF, 0xFFFF, 0xFFFF, 0xFFFF, 0x39E7,
    0x0000, 0x0020, 0x0000, 0xB5B6, 0x8C51, 0x2945, 0xF79E, 0x2104, 0x0000, 0x0020, 0x0000, 0x2965,
    0xF79E, 0xFFFF, 0xFFFF, 0xFFFF, 0xFFFF, 0xFFFF, 0xFFFF, 0xFFFF, 0xFFFF, 0xFFFF, 0xFFFF, 0xFFFF,
    0xFFFF, 0xFFFF, 0xFFFF, 0xFFFF, 0xFFFF, 0xFFFF, 0xFFFF, 0xFFFF, 0xFFFF, 0xFFFF, 0xFFFF, 0xFFFF,
    0xFFFF, 0xFFFF, 0xFFFF, 0xFFFF, 0xFFFF, 0xFFFF, 0xFFFF, 0xFFFF, 0xFFFF, 0xFFFF, 0xFFDF, 0xFFFF,
    0xB5B6, 0x0841, 0x0000, 0x0000, 0x0000, 0x0000, 0x0000, 0xCE59, 0x8C71, 0x0000, 0xCE79, 0x7BCF,
    0x0000, 0x0000, 0x5ACB, 0xFFFF, 0xFFFF, 0xFFFF, 0xFFFF, 0xFFFF, 0xFFFF, 0xFFFF, 0xFFFF, 0xFFFF,
    0xFFFF, 0x73AE, 0x0000, 0x0020, 0x0000, 0x39E7, 0xFFDF, 0xFFFF, 0xFFFF, 0xFFFF, 0xFFFF, 0xFFFF,
    0xFFFF, 0xFFFF, 0xFFFF, 0xFFDF, 0x31A6, 0x0000, 0x0020, 0x0000, 0x4228, 0xFFFF, 0xFFFF, 0xFFFF,
    0xFFFF, 0xFFFF, 0xFFFF, 0xFFFF, 0xFFFF, 0xFFFF, 0xFFFF, 0x632C, 0x0000, 0x0000, 0x4208, 0xEF7D,
    0x2124, 0x0000, 0x0000, 0x0000, 0x0000, 0x0000, 0x0000, 0x0000, 0x0000, 0x0000, 0x0000, 0x0000,
    0x0000, 0x0000, 0x0000, 0x0000, 0x0000, 0x0000, 0x0000, 0x0000, 0x0000, 0x0000, 0x0000, 0x0000,
    0x0000, 0x0000, 0x0000, 0x0000, 0x0000, 0x0000, 0x0000, 0x0000, 0x0000, 0x0000, 0x0000, 0x0000,
    0x0000, 0x0000, 0x0000, 0x0000, 0x0000, 0x0000, 0x0000, 0x0000, 0x0000, 0x0000, 0x0000, 0x0000,
    0x2104, 0xF79E, 0x4228, 0x0000, 0x0020, 0x0000, 0x0000, 0xBDD7, 0xFFFF, 0xFFFF, 0xFFFF, 0xFFFF,
    0xFFFF, 0xFFFF, 0xFFFF, 0xFFFF, 0xFFFF, 0xFFFF, 0xFFFF, 0xFFFF, 0xFFFF, 0xFFFF, 0xFFDF, 0x4208,
    0x0000, 0x0000, 0x0000, 0x0000, 0x0000, 0x0000, 0x0000, 0xBDD7, 0xFFFF, 0xFFFF, 0xFFFF, 0xFFFF,
    0xFFFF, 0xFFFF, 0xFFFF, 0xFFFF, 0xFFFF, 0xFFFF, 0xFFFF, 0xFFFF, 0xFFFF, 0xFFFF, 0xFFFF, 0x39E7,
    0x0000, 0x0020, 0x0000, 0xB5B6, 0x8C51, 0x2945, 0xF79E, 0x2104, 0x0000, 0x0020, 0x0000, 0x2965,
    0xF79E, 0xFFFF, 0xFFFF, 0xFFFF, 0xFFFF, 0xFFFF, 0xFFFF, 0xFFFF, 0xFFFF, 0xFFFF, 0xFFFF, 0xFFFF,
    0xFFFF, 0xFFFF, 0xFFFF, 0xFFFF, 0xFFFF, 0xFFFF, 0xFFFF, 0xFFFF, 0xFFFF, 0xFFFF, 0xFFFF, 0xFFFF,
    0xFFFF, 0xFFFF, 0xFFFF, 0xFFFF, 0xFFFF, 0xFFFF, 0xFFFF, 0xFFFF, 0xFFFF, 0xFFFF, 0xFFFF, 0xFFFF,
    0xF7BE, 0x39E7, 0x0000, 0x0020, 0x0000, 0x0000, 0x0000, 0xCE59, 0x8C51, 0x0000, 0xCE79, 0x73AE,
    0x0000, 0x0000, 0x31A6, 0xF7BE, 0xFFFF, 0xFFFF, 0xFFFF, 0xFFFF, 0xFFFF, 0xFFFF, 0xFFFF, 0xFFDF,
    0xFFFF, 0x9CD3, 0x0000, 0x0020, 0x0000, 0x6B4D, 0xFFFF, 0xFFDF, 0xFFFF, 0xFFFF, 0xFFFF, 0xFFFF,
    0xFFFF, 0xFFFF, 0xFFDF, 0xFFFF, 0x6B4D, 0x0000, 0x0841, 0x0000, 0x6B6D, 0xFFFF, 0xFFDF, 0xFFFF,
    0xFFFF, 0xFFFF, 0xFFFF, 0xFFFF, 0xFFFF, 0xFFFF, 0xFFDF, 0x39C7, 0x0000, 0x0000, 0x4208, 0xEF7D,
    0x2124, 0x0000, 0x0000, 0x0000, 0x0000, 0x0000, 0x0000, 0x0000, 0x0000, 0x0000, 0x0000, 0x0000,
    0x0000, 0x0000, 0x0000, 0x0000, 0x0000, 0x0000, 0x0000, 0x0000, 0x0000, 0x0000, 0x0000, 0x0000,
    0x0000, 0x0000, 0x0000, 0x0000, 0x0000, 0x0000, 0x0000, 0x0000, 0x0000, 0x0000, 0x0000, 0x0000,
    0x0000, 0x0000, 0x0000, 0x0000, 0x0000, 0x0000, 0x0000, 0x0000, 0x0000, 0x0000, 0x0000, 0x0000,
    0x2104, 0xF79E, 0x4228, 0x0000, 0x0020, 0x0000, 0x0000, 0xBDD7, 0xFFFF, 0xFFFF, 0xFFFF, 0xFFFF,
    0xFFFF, 0xFFFF, 0xFFFF, 0xFFFF, 0xFFFF, 0xFFFF, 0xFFFF, 0xFFFF, 0xFFFF, 0xFFFF, 0xFFFF, 0x7BCF,
    0x0000, 0x0000, 0x0000, 0x0000, 0x0000, 0x0000, 0x18E3, 0xEF7D, 0xFFFF, 0xFFFF, 0xFFFF, 0xFFFF,
    0xFFFF, 0xFFFF, 0xFFFF, 0xFFFF, 0xFFFF, 0xFFFF, 0xFFFF, 0xFFFF, 0xFFFF, 0xFFFF, 0xFFFF, 0x39E7,
    0x0000, 0x0020, 0x0000, 0xB5B6, 0x8C51, 0x2945, 0xF79E, 0x2104, 0x0000, 0x0020, 0x0000, 0x2965,
    0xF79E, 0xFFFF, 0xFFFF, 0xFFFF, 0xFFFF, 0xFFFF, 0xFFFF, 0xFFFF, 0xFFFF, 0xFFFF, 0xFFFF, 0xFFFF,
    0xFFFF, 0xFFFF, 0xFFFF, 0xFFFF, 0xFFFF, 0xFFFF, 0xFFFF, 0xFFFF, 0xFFFF, 0xFFFF, 0xFFFF, 0xFFFF,
    0xFFFF, 0xFFFF, 0xFFFF, 0xFFFF, 0xFFFF, 0xFFFF, 0xFFFF, 0xFFFF, 0xFFFF, 0xFFFF, 0xFFFF, 0xFFDF,
    0xFFFF, 0x7BCF, 0x0000, 0x0020, 0x0000, 0x0000, 0x0000, 0xCE59, 0x8C51, 0x0000, 0xCE79, 0x7BCF,
    0x0000, 0x0000, 0x18E3, 0xDEFB, 0xFFFF, 0xFFFF, 0xFFFF, 0xFFFF, 0xFFFF, 0xFFFF, 0xFFFF, 0xFFDF,
    0xFFFF, 0xB5B6, 0x0000, 0x0020, 0x0000, 0x9CF3, 0xFFFF, 0xFFDF, 0xFFFF, 0xFFFF, 0xFFFF, 0xFFFF,
    0xFFFF, 0xFFFF, 0xFFDF, 0xFFFF, 0x9CD3, 0x0000, 0x0841, 0x0000, 0x9CF3, 0xFFFF, 0xFFDF, 0xFFFF,
    0xFFFF, 0xFFFF, 0xFFFF, 0xFFFF, 0xFFFF, 0xFFFF, 0xDEFB, 0x10A2, 0x0000, 0x0000, 0x4208, 0xEF7D,
    0x2124, 0x0000, 0x0000, 0x0000, 0x0000, 0x0000, 0x0000, 0x0000, 0x0000, 0x0000, 0x0000, 0x0000,
    0x0000, 0x0000, 0x0000, 0x0000, 0x0000, 0x0000, 0x0000, 0x0000, 0x0000, 0x0000, 0x0000, 0x0000,
    0x0000, 0x0000, 0x0000, 0x0000, 0x0000, 0x0000, 0x0000, 0x0000, 0x0000, 0x0000, 0x0000, 0x0000,
    0x0000, 0x0000, 0x0000, 0x0000, 0x0000, 0x0000, 0x0000, 0x0000, 0x0000, 0x0000, 0x0000, 0x0000,
    0x2104, 0xF79E, 0x4228, 0x0000, 0x0000, 0x0000, 0x0000, 0xBDD7, 0xFFFF, 0xFFFF, 0xFFFF, 0xFFFF,
    0xFFFF, 0xFFFF, 0xFFFF, 0xFFFF, 0xFFFF, 0xFFFF, 0xFFFF, 0xFFFF, 0xFFFF, 0xFFDF, 0xFFFF, 0xBDD7,
    0x0000, 0x0000, 0x0000, 0x0000, 0x0000, 0x0000, 0x632C, 0xFFFF, 0xFFDF, 0xFFFF, 0xFFFF, 0xFFFF,
    0xFFFF, 0xFFFF, 0xFFFF, 0xFFFF, 0xFFFF, 0xFFFF, 0xFFFF, 0xFFFF, 0xFFFF, 0xFFFF, 0xFFFF, 0x39E7,
    0x0000, 0x0020, 0x0000, 0xB5B6, 0x8C51, 0x2945, 0xF79E, 0x2104, 0x0000, 0x0020, 0x0000, 0x2965,
    0xF79E, 0xFFFF, 0xFFFF, 0xFFFF, 0xFFFF, 0xFFFF, 0xFFFF, 0xFFFF, 0xFFFF, 0xFFFF, 0xFFFF, 0xFFFF,
    0xFFFF, 0xFFFF, 0xFFFF, 0xFFFF, 0xFFFF, 0xFFFF, 0xFFFF, 0xFFFF, 0xFFFF, 0xFFFF, 0xFFFF, 0xFFFF,
    0xFFFF, 0xFFDF, 0xFFFF, 0xFFFF, 0xFFFF, 0xFFFF, 0xFFFF, 0xFFFF, 0xFFFF, 0xFFFF, 0xFFFF, 0xFFDF,
    0xFFFF, 0xAD55, 0x0000, 0x0841, 0x0000, 0x0000, 0x0000, 0xCE59, 0x8C51, 0x0000, 0xCE79, 0x7BCF,
    0x0000, 0x0020, 0x0020, 0xC618, 0xFFFF, 0xFFFF, 0xFFFF, 0xFFFF, 0xFFFF, 0xFFFF, 0xFFFF, 0xFFFF,
    0xFFFF, 0xD6BA, 0x0861, 0x0000, 0x0861, 0xCE79, 0xFFFF, 0xFFFF, 0xFFFF, 0xFFFF, 0xFFFF, 0xFFFF,
    0xFFFF, 0xFFFF, 0xFFDF, 0xFFFF, 0xDEDB, 0x1082, 0x0000, 0x0020, 0xBDF7, 0xFFFF, 0xFFDF, 0xFFFF,
    0xFFFF, 0xFFFF, 0xFFFF, 0xFFFF, 0xFFFF, 0xFFFF, 0xBDD7, 0x0000, 0x0020, 0x0000, 0x39E7, 0xEF7D,
    0x2124, 0x0000, 0x0000, 0x0000, 0x0000, 0x0000, 0x0000, 0x0000, 0x0000, 0x0000, 0x0000, 0x0000,
    0x0000, 0x0000, 0x0000, 0x0000, 0x0000, 0x0000, 0x0000, 0x0000, 0x0000, 0x0000, 0x0000, 0x0000,
    0x0000, 0x0000, 0x0000, 0x0000, 0x0000, 0x0000, 0x0000, 0x0000, 0x0000, 0x0000, 0x0000, 0x0000,
    0x0000, 0x0000, 0x0000, 0x0000, 0x0000, 0x0000, 0x0000, 0x0000, 0x0000, 0x0000, 0x0000, 0x0000,
    0x2104, 0xF79E, 0x4228, 0x0000, 0x0000, 0x0000, 0x0000, 0xBDD7, 0xFFFF, 0xFFFF, 0xFFFF, 0xFFFF,
    0xFFFF, 0xFFFF, 0xFFFF, 0xFFFF, 0xFFFF, 0xFFFF, 0xFFFF, 0xFFFF, 0xFFFF, 0xFFDF, 0xFFFF, 0xEF5D,
    0x18E3, 0x0000, 0x0000, 0x0000, 0x0000, 0x0000, 0xAD75, 0xFFFF, 0xFFDF, 0xFFFF, 0xFFFF, 0xFFFF,
    0xFFFF, 0xFFFF, 0xFFFF, 0xFFFF, 0xFFFF, 0xFFFF, 0xFFFF, 0xFFFF, 0xFFFF, 0xFFFF, 0xFFFF, 0x39E7,
    0x0000, 0x0020, 0x0000, 0xB5B6, 0x8430, 0x2124, 0xF79E, 0x2104, 0x0000, 0x0020, 0x0000, 0x2965,
    0xF79E, 0xFFFF, 0xFFFF, 0xFFFF, 0xFFFF, 0xFFFF, 0xFFFF, 0xFFFF, 0xFFFF, 0xFFFF, 0xFFFF, 0xFFFF,
    0xFFFF, 0xFFFF, 0xFFFF, 0xFFFF, 0xFFFF, 0xFFFF, 0xFFFF, 0xFFFF, 0xFFFF, 0xFFFF, 0xFFFF, 0xFFFF,
    0xFFFF, 0xFFFF, 0xFFFF, 0xFFFF, 0xFFFF, 0xFFFF, 0xFFFF, 0xFFFF, 0xFFFF, 0xFFFF, 0xFFFF, 0xFFDF,
    0xFFFF, 0xCE59, 0x0000, 0x0000, 0x0000, 0x0000, 0x0000, 0xCE59, 0x8C51, 0x0000, 0xCE79, 0x7BCF,
    0x0000, 0x0020, 0x0000, 0xA514, 0xFFFF, 0xFFDF, 0xFFFF, 0xFFFF, 0xFFFF, 0xFFFF, 0xFFFF, 0xFFFF,
    0xFFFF, 0xEF7D, 0x2104, 0x0000, 0x2945, 0xF79E, 0xFFFF, 0xFFFF, 0xFFFF, 0xFFFF, 0xFFFF, 0xFFFF,
    0xFFFF, 0xFFFF, 0xFFFF, 0xFFFF, 0xFFFF, 0x31A6, 0x0000, 0x18C3, 0xD6BA, 0xFFFF, 0xFFFF, 0xFFFF,
    0xFFFF, 0xFFFF, 0xFFFF, 0xFFFF, 0xFFDF, 0xFFFF, 0x8C71, 0x0000, 0x0020, 0x0000, 0x39E7, 0xEF7D,
    0x2124, 0x0000, 0x0000, 0x0000, 0x0000, 0x0000, 0x0000, 0x0000, 0x0000, 0x0000, 0x0000, 0x0000,
    0x0000, 0x0000, 0x0000, 0x0000, 0x0000, 0x0000, 0x0000, 0x0000, 0x0000, 0x0000, 0x0000, 0x0000,
    0x0000, 0x0000, 0x0000, 0x0000, 0x0000, 0x0000, 0x0000, 0x0000, 0x0000, 0x0000, 0x0000, 0x0000,
    0x0000, 0x0000, 0x0000, 0x0000, 0x0000, 0x0000, 0x0000, 0x0000, 0x0000, 0x0000, 0x0000, 0x0000,
    0x2104, 0xF79E, 0x4228, 0x0000, 0x0000, 0x0000, 0x0000, 0xBDD7, 0xFFFF, 0xFFFF, 0xFFFF, 0xFFFF,
    0xFFFF, 0xFFFF, 0xFFFF, 0xFFFF, 0xFFFF, 0xFFFF, 0xFFFF, 0xFFFF, 0xFFDF, 0xFFFF, 0xFFDF, 0xFFFF,
    0x630C, 0x0000, 0x0020, 0x0000, 0x0000, 0x18C3, 0xE71C, 0xFFFF, 0xFFDF, 0xFFFF, 0xFFFF, 0xFFFF,
    0xFFFF, 0xFFFF, 0xFFFF, 0xFFFF, 0xFFFF, 0xFFFF, 0xFFFF, 0xFFFF, 0xFFFF, 0xFFFF, 0xFFFF, 0x39E7,
    0x0000, 0x0020, 0x0000, 0xB5B6, 0x8430, 0x2124, 0xF79E, 0x2104, 0x0000, 0x0020, 0x0000, 0x2965,
    0xF79E, 0xFFFF, 0xFFFF, 0xFFFF, 0xFFFF, 0xFFFF, 0xFFFF, 0xFFFF, 0xFFFF, 0xFFFF, 0xFFFF, 0xE71C,
    0x4A69, 0x39C7, 0x39E7, 0x39E7, 0x39E7, 0x39E7, 0x39E7, 0x39E7, 0x39E7, 0x39E7, 0x39E7, 0x39E7,
    0x39C7, 0x52AA, 0xDEFB, 0xFFFF, 0xFFFF, 0xFFFF, 0xFFFF, 0xFFFF, 0xFFFF, 0xFFFF, 0xFFFF, 0xFFDF,
    0xFFFF, 0xDEFB, 0x0020, 0x0000, 0x0000, 0x0000, 0x0000, 0xCE59, 0x8C51, 0x0000, 0xCE79, 0x7BCF,
    0x0000, 0x0020, 0x0000, 0x7BEF, 0xFFFF, 0xFFFF, 0xFFFF, 0xFFFF, 0xFFFF, 0xFFFF, 0xFFFF, 0xFFFF,
    0xFFFF, 0xFFFF, 0x4A49, 0x0000, 0x5AEB, 0xFFFF, 0xFFFF, 0xFFFF, 0xFFFF, 0xFFFF, 0xFFFF, 0xFFFF,
    0xFFFF, 0xFFFF, 0xFFFF, 0xFFFF, 0xFFFF, 0x632C, 0x0000, 0x2965, 0xEF7D, 0xFFFF, 0xFFFF, 0xFFFF,
    0xFFFF, 0xFFFF, 0xFFFF, 0xFFFF, 0xFFDF, 0xFFFF, 0x6B4D, 0x0000, 0x0020, 0x0000, 0x4208, 0xEF7D,
    0x2124, 0x0000, 0x0000, 0x0000, 0x0000, 0x0000, 0x0000, 0x0000, 0x0000, 0x0000, 0x0000, 0x0000,
    0x0000, 0x0000, 0x0000, 0x0000, 0x0000, 0x0000, 0x0000, 0x0000, 0x0000, 0x0000, 0x0000, 0x0000,
    0x0000, 0x0000, 0x0000, 0x0000, 0x0000, 0x0000, 0x0000, 0x0000, 0x0000, 0x0000, 0x0000, 0x0000,
    0x0000, 0x0000, 0x0000, 0x0000, 0x0000, 0x0000, 0x0000, 0x0000, 0x0000, 0x0000, 0x0000, 0x0000,
    0x2104, 0xF79E, 0x4228, 0x0000, 0x0020, 0x0000, 0x0000, 0xB5B6, 0xFFFF, 0xFFFF, 0xFFFF, 0xFFFF,
    0xFFFF, 0xFFFF, 0xFFFF, 0xFFFF, 0xFFFF, 0xFFFF, 0xFFFF, 0xFFFF, 0xFFFF, 0xFFFF, 0xFFDF, 0xFFFF,
    0xB5B6, 0x0000, 0x0000, 0x0020, 0x0000, 0x528A, 0xFFFF, 0xFFFF, 0xFFFF, 0xFFFF, 0xFFFF, 0xFFFF,
    0xFFFF, 0xFFFF, 0xFFFF, 0xFFFF, 0xFFFF, 0xFFFF, 0xFFFF, 0xFFFF, 0xFFFF, 0xFFFF, 0xFFFF, 0x39E7,
    0x0000, 0x0020, 0x0000, 0xB5B6, 0x8430, 0x2945, 0xF79E, 0x2104, 0x0000, 0x0020, 0x0000, 0x2965,
    0xF79E, 0xFFFF, 0xFFFF, 0xFFFF, 0xFFFF, 0xFFFF, 0xFFFF, 0xFFFF, 0xFFFF, 0xFFFF, 0xFFFF, 0xDEDB,
    0x0861, 0x0000, 0x0000, 0x0000, 0x0000, 0x0000, 0x0000, 0x0000, 0x0000, 0x0000, 0x0000, 0x0000,
    0x0000, 0x0000, 0x52AA, 0xFFFF, 0xFFFF, 0xFFFF, 0xFFFF, 0xFFFF, 0xFFFF, 0xFFFF, 0xFFFF, 0xFFFF,
    0xFFFF, 0xDEFB, 0x0020, 0x0000, 0x0000, 0x0000, 0x0000, 0xCE59, 0x8C51, 0x0000, 0xCE79, 0x73AE,
    0x0000, 0x0841, 0x0000, 0x52AA, 0xFFFF, 0xFFFF, 0xFFFF, 0xFFFF, 0xFFFF, 0xFFFF, 0xFFFF, 0xFFFF,
    0xFFDF, 0xFFFF, 0x738E, 0x0000, 0x94B2, 0xFFFF, 0xFFDF, 0xFFFF, 0xFFFF, 0xFFFF, 0xFFFF, 0xFFFF,
    0xFFFF, 0xFFFF, 0xFFFF, 0xFFDF, 0xFFFF, 0x9492, 0x0000, 0x4A49, 0xFFFF, 0xFFFF, 0xFFFF, 0xFFFF,
    0xFFFF, 0xFFFF, 0xFFFF, 0xFFFF, 0xFFFF, 0xFFDF, 0x4208, 0x0000, 0x0020, 0x0000, 0x39E7, 0xEF7D,
    0x2124, 0x0000, 0x0000, 0x0000, 0x0000, 0x0000, 0x0000, 0x0000, 0x0000, 0x0000, 0x0000, 0x0000,
    0x0000, 0x0000, 0x0000, 0x0000, 0x0000, 0x0000, 0x0000, 0x0000, 0x0000, 0x0000, 0x0000, 0x0000,
    0x0000, 0x0000, 0x0000, 0x0000, 0x0000, 0x0000, 0x0000, 0x0000, 0x0000, 0x0000, 0x0000, 0x0000,
    0x0000, 0x0000, 0x0000, 0x0000, 0x0000, 0x0000, 0x0000, 0x0000, 0x0000, 0x0000, 0x0000, 0x0000,
    0x2104, 0xF79E, 0x4228, 0x0000, 0x0020, 0x0000, 0x0000, 0xB5B6, 0xFFFF, 0xFFFF, 0xFFFF, 0xFFFF,
    0xFFFF, 0xFFFF, 0xFFFF, 0xFFFF, 0xFFFF, 0xFFFF, 0xFFFF, 0xFFFF, 0xFFFF, 0xFFFF, 0xFFFF, 0xFFFF,
    0xE73C, 0x2104, 0x0000, 0x0020, 0x0000, 0x8C71, 0xFFFF, 0xFFDF, 0xFFFF, 0xFFFF, 0xFFFF, 0xFFFF,
    0xFFFF, 0xFFFF, 0xFFFF, 0xFFFF, 0xFFFF, 0xFFFF, 0xFFFF, 0xFFFF, 0xFFFF, 0xFFFF, 0xFFFF, 0x39E7,
    0x0000, 0x0020, 0x0000, 0xB5B6, 0x8C51, 0x2945, 0xF79E, 0x2104, 0x0000, 0x0020, 0x0000, 0x2965,
    0xF79E, 0xFFFF, 0xFFFF, 0xFFFF, 0xFFFF, 0xFFFF, 0xFFFF, 0xFFFF, 0xFFFF, 0xFFFF, 0xFFFF, 0xDEFB,
    0x18C3, 0x0000, 0x0841, 0x0020, 0x0020, 0x0020, 0x0020, 0x0020, 0x0020, 0x0020, 0x0020, 0x0020,
    0x0841, 0x0020, 0x39E7, 0xF7BE, 0xFFFF, 0xFFFF, 0xFFFF, 0xFFFF, 0xFFFF, 0xFFFF, 0xFFFF, 0xFFDF,
    0xFFFF, 0xCE59, 0x0000, 0x0000, 0x0000, 0x0000, 0x0000, 0xCE59, 0x8C51, 0x0000, 0xCE79, 0x7BCF,
    0x0000, 0x0020, 0x0000, 0x3186, 0xFFFF, 0xFFFF, 0xFFFF, 0xFFFF, 0xFFFF, 0xFFFF, 0xFFFF, 0xFFFF,
    0xFFDF, 0xFFFF, 0x94B2, 0x0020, 0xD6BA, 0xFFFF, 0xFFFF, 0xFFFF, 0xFFFF, 0xFFFF, 0xFFFF, 0xFFFF,
    0xFFFF, 0xFFFF, 0xFFFF, 0xFFDF, 0xFFFF, 0xC618, 0x0000, 0x632C, 0xFFFF, 0xFFFF, 0xFFFF, 0xFFFF,
    0xFFFF, 0xFFFF, 0xFFFF, 0xFFDF, 0xFFFF, 0xEF5D, 0x2124, 0x0000, 0x0020, 0x0000, 0x4208, 0xEF7D,
    0x2124, 0x0000, 0x0000, 0x0000, 0x0000, 0x0000, 0x0000, 0x0000, 0x0000, 0x0000, 0x0000, 0x0000,
    0x0000, 0x0000, 0x0000, 0x0000, 0x0000, 0x0000, 0x0000, 0x0000, 0x0000, 0x0000, 0x0000, 0x0000,
    0x0000, 0x0000, 0x0000, 0x0000, 0x0000, 0x0000, 0x0000, 0x0000, 0x0000, 0x0000, 0x0000, 0x0000,
    0x0000, 0x0000, 0x0000, 0x0000, 0x0000, 0x0000, 0x0000, 0x0000, 0x0000, 0x0000, 0x0000, 0x0000,
    0x2104, 0xF79E, 0x4228, 0x0000, 0x0020, 0x0000, 0x0000, 0xBDB6, 0xFFFF, 0xFFFF, 0xFFFF, 0xFFFF,
    0xFFFF, 0xFFFF, 0xFFFF, 0xFFFF, 0xFFFF, 0xFFFF, 0xFFFF, 0xFFFF, 0xFFFF, 0xFFFF, 0xFFFF, 0xFFFF,
    0xFFFF, 0x52AA, 0x0000, 0x0020, 0x0841, 0xCE59, 0xFFFF, 0xFFFF, 0xFFFF, 0xFFFF, 0xFFFF, 0xFFFF,
    0xFFFF, 0xFFFF, 0xFFFF, 0xFFFF, 0xFFFF, 0xFFFF, 0xFFFF, 0xFFFF, 0xFFFF, 0xFFFF, 0xFFFF, 0x39E7,
    0x0000, 0x0020, 0x0000, 0xB5B6, 0x8C51, 0x2945, 0xEF7D, 0x2104, 0x0000, 0x0020, 0x0000, 0x2965,
    0xF79E, 0xFFFF, 0xFFFF, 0xFFFF, 0xFFFF, 0xFFFF, 0xFFFF, 0xFFFF, 0xFFFF, 0xFFFF, 0xFFFF, 0xDEFB,
    0x18C3, 0x0000, 0x0020, 0x0000, 0x0000, 0x0000, 0x0000, 0x0000, 0x0000, 0x0000, 0x0000, 0x0000,
    0x0841, 0x0000, 0x4208, 0xFFDF, 0xFFFF, 0xFFFF, 0xFFFF, 0xFFFF, 0xFFFF, 0xFFFF, 0xFFFF, 0xFFDF,
    0xFFFF, 0xAD55, 0x0000, 0x0000, 0x0000, 0x0000, 0x0000, 0xCE59, 0x8C51, 0x0000, 0xCE79, 0x7BCF,
    0x0000, 0x0020, 0x0000, 0x0861, 0xE73C, 0xFFFF, 0xFFFF, 0xFFFF, 0xFFFF, 0xFFFF, 0xFFFF, 0xFFFF,
    0xFFFF, 0xFFFF, 0xB596, 0x2965, 0xF7BE, 0xFFFF, 0xFFFF, 0xFFFF, 0xFFFF, 0xFFFF, 0xFFFF, 0xFFFF,
    0xFFFF, 0xFFFF, 0xFFFF, 0xFFFF, 0xFFFF, 0xEF5D, 0x1082, 0x8410, 0xFFFF, 0xFFDF, 0xFFFF, 0xFFFF,
    0xFFFF, 0xFFFF, 0xFFFF, 0xFFDF, 0xFFFF, 0xCE79, 0x0861, 0x0000, 0x0020, 0x0000, 0x4208, 0xEF7D,
    0x2124, 0x0000, 0x0000, 0x0000, 0x0000, 0x0000, 0x0000, 0x0000, 0x0000, 0x0000, 0x0000, 0x0000,
    0x0000, 0x0000, 0x0000, 0x0000, 0x0000, 0x0000, 0x0000, 0x0000, 0x0000, 0x0000, 0x0000, 0x0000,
    0x0000, 0x0000, 0x0000, 0x0000, 0x0000, 0x0000, 0x0000, 0x0000, 0x0000, 0x0000, 0x0000, 0x0000,
    0x0000, 0x0000, 0x0000, 0x0000, 0x0000, 0x0000, 0x0000, 0x0000, 0x0000, 0x0000, 0x0000, 0x0000,
    0x2104, 0xF79E, 0x4228, 0x0000, 0x0020, 0x0000, 0x0000, 0xBDB6, 0xFFFF, 0xFFFF, 0xFFFF, 0xFFFF,
    0xFFFF, 0xFFFF, 0xFFFF, 0xFFFF, 0xFFFF, 0xFFFF, 0xFFFF, 0xFFFF, 0xFFFF, 0xFFFF, 0xFFFF, 0xFFFF,
    0xFFFF, 0x8C71, 0x0000, 0x0000, 0x2945, 0xFFDF, 0xFFFF, 0xFFFF, 0xFFFF, 0xFFFF, 0xFFFF, 0xFFFF,
    0xFFFF, 0xFFFF, 0xFFFF, 0xFFFF, 0xFFFF, 0xFFFF, 0xFFFF, 0xFFFF, 0xFFFF, 0xFFFF, 0xFFFF, 0x39E7,
    0x0000, 0x0020, 0x0000, 0xB5B6, 0x8C51, 0x2945, 0xEF7D, 0x2104, 0x0000, 0x0020, 0x0000, 0x2965,
    0xF79E, 0xFFFF, 0xFFFF, 0xFFFF, 0xFFFF, 0xFFFF, 0xFFFF, 0xFFFF, 0xFFFF, 0xFFFF, 0xFFFF, 0xDEFB,
    0x10A2, 0x0000, 0x0000, 0x0000, 0x0000, 0x0000, 0x0000, 0x0000, 0x0000, 0x0000, 0x0000, 0x0000,
    0x0000, 0x18C3, 0xAD55, 0xFFFF, 0xFFFF, 0xFFFF, 0xFFFF, 0xFFFF, 0xFFFF, 0xFFFF, 0xFFFF, 0xFFDF,
    0xFFFF, 0x73AE, 0x0000, 0x0000, 0x0000, 0x0000, 0x0000, 0xCE59, 0x8C51, 0x0000, 0xCE79, 0x7BCF,
    0x0000, 0x0020, 0x0000, 0x0000, 0xB596, 0xFFFF, 0xFFDF, 0xFFFF, 0xFFFF, 0xFFFF, 0xFFFF, 0xFFFF,
    0xFFFF, 0xFFFF, 0xD69A, 0x6B4D, 0xFFFF, 0xFFFF, 0xFFFF, 0xFFFF, 0xFFFF, 0xFFFF, 0xFFFF, 0xFFFF,
    0xFFFF, 0xFFFF, 0xFFFF, 0xFFFF, 0xFFFF, 0xFFFF, 0x39E7, 0x9CF3, 0xFFFF, 0xFFDF, 0xFFFF, 0xFFFF,
    0xFFFF, 0xFFFF, 0xFFFF, 0xFFDF, 0xFFFF, 0xA534, 0x0000, 0x0000, 0x0000, 0x0000, 0x4208, 0xEF7D,
    0x2124, 0x0000, 0x0000, 0x0000, 0x0000, 0x0000, 0x0000, 0x0000, 0x0000, 0x0000, 0x0000, 0x0000,
    0x0000, 0x0000, 0x0000, 0x0000, 0x0000, 0x0000, 0x0000, 0x0000, 0x0000, 0x0000, 0x0000, 0x0000,
    0x0000, 0x0000, 0x0000, 0x0000, 0x0000, 0x0000, 0x0000, 0x0000, 0x0000, 0x0000, 0x0000, 0x0000,
    0x0000, 0x0000, 0x0000, 0x0000, 0x0000, 0x0000, 0x0000, 0x0000, 0x0000, 0x0000, 0x0000, 0x0000,
    0x2104, 0xF79E, 0x4228, 0x0000, 0x0000, 0x0000, 0x0000, 0xBDB6, 0xFFFF, 0xFFDF, 0xFFFF, 0xFFFF,
    0xFFFF, 0xFFFF, 0xFFFF, 0xFFFF, 0xFFFF, 0xFFFF, 0xFFFF, 0xFFFF, 0xFFFF, 0xFFFF, 0xFFFF, 0xFFFF,
    0xFFFF, 0xCE59, 0x1082, 0x0000, 0x7BEF, 0xFFFF, 0xFFDF, 0xFFDF, 0xFFDF, 0xFFFF, 0xFFFF, 0xFFFF,
    0xFFFF, 0xFFFF, 0xFFFF, 0xFFFF, 0xFFFF, 0xFFFF, 0xFFFF, 0xFFFF, 0xFFFF, 0xFFFF, 0xFFFF, 0x39E7,
    0x0000, 0x0020, 0x0000, 0xB5B6, 0x8C51, 0x2945, 0xEF7D, 0x2104, 0x0000, 0x0020, 0x0000, 0x2965,
    0xF79E, 0xFFFF, 0xFFFF, 0xFFFF, 0xFFFF, 0xFFFF, 0xFFFF, 0xFFFF, 0xFFFF, 0xFFFF, 0xFFFF, 0xF79E,
    0xBDF7, 0xBDD7, 0xBDD7, 0xBDD7, 0xBDD7, 0xBDD7, 0xBDD7, 0xBDD7, 0xBDD7, 0xBDD7, 0xBDD7, 0xBDD7,
    0xB5B6, 0xE71C, 0xFFFF, 0xFFFF, 0xFFFF, 0xFFFF, 0xFFFF, 0xFFFF, 0xFFFF, 0xFFFF, 0xFFFF, 0xFFFF,
    0xF7BE, 0x31A6, 0x0000, 0x0000, 0x0000, 0x0000, 0x0000, 0xCE59, 0x8C51, 0x0000, 0xCE79, 0x7BCF,
    0x0000, 0x0020, 0x0020, 0x0000, 0x8410, 0xFFFF, 0xFFDF, 0xFFDF, 0xFFFF, 0xFFFF, 0xFFFF, 0xFFFF,
    0xFFFF, 0xFFFF, 0xE73C, 0xB5B6, 0xFFFF, 0xFFFF, 0xFFFF, 0xFFFF, 0xFFFF, 0xFFFF, 0xFFFF, 0xFFFF,
    0xFFFF, 0xFFFF, 0xFFFF, 0xFFFF, 0xFFFF, 0xFFFF, 0x7BCF, 0xB5B6, 0xFFFF, 0xFFDF, 0xFFFF, 0xFFFF,
    0xFFFF, 0xFFFF, 0xFFFF, 0xFFDF, 0xFFFF, 0x8430, 0x0000, 0x0000, 0x0000, 0x0000, 0x4208, 0xEF7D,
    0x2124, 0x0000, 0x0000, 0x0000, 0x0000, 0x0000, 0x0000, 0x0000, 0x0000, 0x0000, 0x0000, 0x0000,
    0x0000, 0x0000, 0x0000, 0x0000, 0x0000, 0x0000, 0x0000, 0x0000, 0x0000, 0x0000, 0x0000, 0x0000,
    0x0000, 0x0000, 0x0000, 0x0000, 0x0000, 0x0000, 0x0000, 0x0000, 0x0000, 0x0000, 0x0000, 0x0000,
    0x0000, 0x0000, 0x0000, 0x0000, 0x0000, 0x0000, 0x0000, 0x0000, 0x0000, 0x0000, 0x0000, 0x0000,
    0x2104, 0xEF9E, 0x4228, 0x0000, 0x0000, 0x0000, 0x0000, 0xBDB6, 0xFFFF, 0xFFDF, 0xFFFF, 0xFFFF,
    0xFFFF, 0xFFFF, 0xFFFF, 0xFFFF, 0xFFFF, 0xFFFF, 0xFFFF, 0xFFFF, 0xFFFF, 0xFFFF, 0xFFFF, 0xFFFF,
    0xFFFF, 0xFFDF, 0x3186, 0x0000, 0xC638, 0xFFFF, 0xFFDF, 0xFFFF, 0xFFFF, 0xFFFF, 0xFFFF, 0xFFFF,
    0xFFFF, 0xFFFF, 0xFFFF, 0xFFFF, 0xFFFF, 0xFFFF, 0xFFFF, 0xFFFF, 0xFFFF, 0xFFFF, 0xFFFF, 0x39E7,
    0x0000, 0x0020, 0x0000, 0xB5B6, 0x8C51, 0x2945, 0xEF7D, 0x2104, 0x0000, 0x0020, 0x0000, 0x2965,
    0xF79E, 0xFFFF, 0xFFFF, 0xFFFF, 0xFFFF, 0xFFFF, 0xFFFF, 0xFFFF, 0xFFFF, 0xFFFF, 0xFFFF, 0xFFFF,
    0xFFFF, 0xFFFF, 0xFFFF, 0xFFFF, 0xFFFF, 0xFFFF, 0xFFFF, 0xFFFF, 0xFFFF, 0xFFFF, 0xFFFF, 0xFFFF,
    0xFFFF, 0xFFFF, 0xFFDF, 0xFFFF, 0xFFFF, 0xFFFF, 0xFFFF, 0xFFFF, 0xFFFF, 0xFFFF, 0xFFDF, 0xFFFF,
    0xAD55, 0x0020, 0x0000, 0x0000, 0x0000, 0x0000, 0x0000, 0xCE59, 0x8C51, 0x0000, 0xCE79, 0x7BCF,
    0x0000, 0x0020, 0x0020, 0x0000, 0x5ACB, 0xFFFF, 0xFFDF, 0xFFFF, 0xFFFF, 0xFFFF, 0xFFFF, 0xFFFF,
    0xFFFF, 0xFFFF, 0xF7BE, 0xEF7D, 0xFFFF, 0xFFFF, 0xFFFF, 0xFFFF, 0xFFFF, 0xFFFF, 0xFFFF, 0xFFFF,
    0xFFFF, 0xFFFF, 0xFFFF, 0xFFFF, 0xFFFF, 0xFFFF, 0xCE79, 0xDEDB, 0xFFFF, 0xFFDF, 0xFFFF, 0xFFFF,
    0xFFFF, 0xFFFF, 0xFFFF, 0xFFFF, 0xFFFF, 0x52AA, 0x0000, 0x0000, 0x0000, 0x0000, 0x39E7, 0xEF7D,
    0x2124, 0x0000, 0x0000, 0x0000, 0x0000, 0x0000, 0x0000, 0x0000, 0x0000, 0x0000, 0x0000, 0x0000,
    0x0000, 0x0000, 0x0000, 0x0000, 0x0000, 0x0000, 0x0000, 0x0000, 0x0000, 0x0000, 0x0000, 0x0000,
    0x0000, 0x0000, 0x0000, 0x0000, 0x0000, 0x0000, 0x0000, 0x0000, 0x0000, 0x0000, 0x0000, 0x0000,
    0x0000, 0x0000, 0x0000, 0x0000, 0x0000, 0x0000, 0x0000, 0x0000, 0x0000, 0x0000, 0x0000, 0x0000,
    0x2104, 0xEF9E, 0x4228, 0x0000, 0x0020, 0x0000, 0x0000, 0xBDB6, 0xFFFF, 0xFFDF, 0xFFFF, 0xFFFF,
    0xFFFF, 0xFFFF, 0xFFFF, 0xFFFF, 0xFFFF, 0xFFFF, 0xFFFF, 0xFFFF, 0xFFFF, 0xFFFF, 0xFFFF, 0xFFFF,
    0xFFDF, 0xFFFF, 0x738E, 0x18C3, 0xF79E, 0xFFFF, 0xFFFF, 0xFFDF, 0xFFFF, 0xFFFF, 0xFFFF, 0xFFFF,
    0xFFFF, 0xFFFF, 0xFFFF, 0xFFFF, 0xFFFF, 0xFFFF, 0xFFFF, 0xFFFF, 0xFFFF, 0xFFFF, 0xFFFF, 0x39E7,
    0x0000, 0x0020, 0x0000, 0xB5B6, 0x8C51, 0x2124, 0xEF7D, 0x2104, 0x0000, 0x0020, 0x0000, 0x2965,
    0xF79E, 0xFFFF, 0xFFFF, 0xFFFF, 0xFFFF, 0xFFFF, 0xFFFF, 0xFFFF, 0xFFFF, 0xFFFF, 0xFFFF, 0xFFFF,
    0xFFDF, 0xFFDF, 0xFFDF, 0xFFDF, 0xFFDF, 0xFFDF, 0xFFDF, 0xFFDF, 0xFFDF, 0xFFFF, 0xFFFF, 0xFFDF,
    0xFFDF, 0xFFFF, 0xFFFF, 0xFFFF, 0xFFFF, 0xFFFF, 0xFFFF, 0xFFFF, 0xFFFF, 0xFFDF, 0xFFFF, 0xD69A,
    0x18E3, 0x0000, 0x0000, 0x0000, 0x0000, 0x0000, 0x0000, 0xCE59, 0x8C51, 0x0000, 0xCE79, 0x7BCF,
    0x0000, 0x0020, 0x0000, 0x0000, 0x31A6, 0xFFDF, 0xFFFF, 0xFFFF, 0xFFFF, 0xFFFF, 0xFFFF, 0xFFFF,
    0xFFFF, 0xFFDF, 0xFFFF, 0xFFFF, 0xFFFF, 0xFFFF, 0xFFFF, 0xFFFF, 0xFFFF, 0xFFFF, 0xFFFF, 0xFFFF,
    0xFFFF, 0xFFFF, 0xFFFF, 0xFFFF, 0xFFFF, 0xFFFF, 0xFFFF, 0xFFFF, 0xFFFF, 0xFFFF, 0xFFFF, 0xFFFF,
    0xFFFF, 0xFFFF, 0xFFFF, 0xFFFF, 0xFFFF, 0x3186, 0x0000, 0x0000, 0x0000, 0x0000, 0x39E7, 0xEF7D,
    0x2124, 0x0000, 0x0000, 0x0000, 0x0000, 0x0000, 0x0000, 0x0000, 0x0000, 0x0000, 0x0000, 0x0000,
    0x0000, 0x0000, 0x0000, 0x0000, 0x0000, 0x0000, 0x0000, 0x0000, 0x0000, 0x0000, 0x0000, 0x0000,
    0x0000, 0x0000, 0x0000, 0x0000, 0x0000, 0x0000, 0x0000, 0x0000, 0x0000, 0x0000, 0x0000, 0x0000,
    0x0000, 0x0000, 0x0000, 0x0000, 0x0000, 0x0000, 0x0000, 0x0000, 0x0000, 0x0000, 0x0000, 0x0000,
    0x2104, 0xF79E, 0x4228, 0x0000, 0x0020, 0x0000, 0x0000, 0xB5B6, 0xFFFF, 0xFFDF, 0xFFDF, 0xFFFF,
    0xFFFF, 0xFFFF, 0xFFFF, 0xFFFF, 0xFFFF, 0xFFFF, 0xFFFF, 0xFFFF, 0xFFFF, 0xFFFF, 0xFFFF, 0xFFFF,
    0xFFFF, 0xFFFF, 0xBDF7, 0x6B4D, 0xFFFF, 0xFFFF, 0xFFFF, 0xFFFF, 0xFFFF, 0xFFFF, 0xFFFF, 0xFFFF,
    0xFFFF, 0xFFFF, 0xFFFF, 0xFFFF, 0xFFFF, 0xFFFF, 0xFFFF, 0xFFFF, 0xFFFF, 0xFFFF, 0xFFFF, 0x39E7,
    0x0000, 0x0020, 0x0000, 0xB5B6, 0x8C51, 0x2124, 0xEF7D, 0x2104, 0x0000, 0x0020, 0x0000, 0x2965,
    0xF79E, 0xFFFF, 0xFFFF, 0xFFFF, 0xFFFF, 0xFFFF, 0xFFFF, 0xFFFF, 0xFFFF, 0xFFFF, 0xFFFF, 0xFFFF,
    0xFFFF, 0xFFFF, 0xFFFF, 0xFFFF, 0xFFFF, 0xFFFF, 0xFFFF, 0xFFFF, 0xFFFF, 0xFFFF, 0xFFFF, 0xFFFF,
    0xFFFF, 0xFFFF, 0xFFFF, 0xFFFF, 0xFFFF, 0xFFFF, 0xFFFF, 0xFFFF, 0xFFDF, 0xFFFF, 0x9CF3, 0x1082,
    0x0000, 0x0020, 0x0000, 0x0000, 0x0000, 0x0000, 0x0000, 0xCE59, 0x8C51, 0x0000, 0xCE79, 0x73AE,
    0x0000, 0x0000, 0x0000, 0x0000, 0x18C3, 0xE71C, 0xFFFF, 0xFFFF, 0xFFFF, 0xFFFF, 0xFFFF, 0xFFFF,
    0xFFFF, 0xFFFF, 0xFFFF, 0xFFFF, 0xFFFF, 0xFFFF, 0xFFFF, 0xFFFF, 0xFFFF, 0xFFFF, 0xFFFF, 0xFFFF,
    0xFFFF, 0xFFFF, 0xFFFF, 0xFFFF, 0xFFFF, 0xFFFF, 0xFFFF, 0xFFFF, 0xFFFF, 0xFFFF, 0xFFFF, 0xFFFF,
    0xFFFF, 0xFFFF, 0xFFFF, 0xFFFF, 0xDEDB, 0x1082, 0x0000, 0x0000, 0x0000, 0x0000, 0x39E7, 0xEF7D,
    0x2124, 0x0000, 0x0000, 0x0000, 0x0000, 0x0000, 0x0000, 0x0000, 0x0000, 0x0000, 0x0000, 0x0000,
    0x0000, 0x0000, 0x0000, 0x0000, 0x0000, 0x0000, 0x0000, 0x0000, 0x0000, 0x0000, 0x0000, 0x0000,
    0x0000, 0x0000, 0x0000, 0x0000, 0x0000, 0x0000, 0x0000, 0x0000, 0x0000, 0x0000, 0x0000, 0x0000,
    0x0000, 0x0000, 0x0000, 0x0000, 0x0000, 0x0000, 0x0000, 0x0000, 0x0000, 0x0000, 0x0000, 0x0000,
    0x2104, 0xF79E, 0x4228, 0x0000, 0x0020, 0x0000, 0x0020, 0xB5D6, 0xFFFF, 0xF7DF, 0xFFFF, 0xFFFF,
    0xFFFF, 0xFFFF, 0xFFFF, 0xFFFF, 0xFFFF, 0xE73C, 0xDEDB, 0xFFFF, 0xFFFF, 0xFFFF, 0xFFFF, 0xFFFF,
    0xFFFF, 0xFFFF, 0xEF5D, 0xD69A, 0xFFFF, 0xFFFF, 0xFFFF, 0xFFFF, 0xFFFF, 0xFFFF, 0xFFFF, 0xEF7D,
    0xDEDB, 0xFFFF, 0xFFFF, 0xFFFF, 0xFFFF, 0xFFFF, 0xFFFF, 0xFFFF, 0xFFFF, 0xFFFF, 0xFFFF, 0x39E7,
    0x0000, 0x0020, 0x0000, 0xB5B6, 0x8C51, 0x2124, 0xEF7D, 0x2104, 0x0000, 0x0020, 0x0000, 0x2965,
    0xF79E, 0xFFFF, 0xFFFF, 0xFFFF, 0xFFFF, 0xFFFF, 0xFFFF, 0xFFFF, 0xFFFF, 0xFFFF, 0xFFFF, 0xFFFF,
    0xFFFF, 0xFFFF, 0xFFFF, 0xFFFF, 0xFFFF, 0xFFFF, 0xFFFF, 0xFFFF, 0xFFFF, 0xFFFF, 0xFFFF, 0xFFFF,
    0xFFFF, 0xFFFF, 0xFFFF, 0xFFFF, 0xFFFF, 0xFFFF, 0xFFFF, 0xFFFF, 0xFFDF, 0xFFFF, 0xBDD7, 0x39E7,
    0x0000, 0x0020, 0x0020, 0x0000, 0x0000, 0x0000, 0x0000, 0xCE59, 0x8C51, 0x0000, 0xCE79, 0x7BCF,
    0x0000, 0x0000, 0x0000, 0x0000, 0x0020, 0xC618, 0xFFFF, 0xFFFF, 0xFFFF, 0xFFFF, 0xFFFF, 0xFFFF,
    0xFFFF, 0xFFFF, 0xFFFF, 0xFFFF, 0xFFFF, 0xFFFF, 0xFFFF, 0xFFFF, 0xFFFF, 0xFFFF, 0xFFFF, 0xFFFF,
    0xFFFF, 0xFFFF, 0xFFFF, 0xFFFF, 0xFFFF, 0xFFFF, 0xFFFF, 0xFFFF, 0xFFFF, 0xFFFF, 0xFFFF, 0xFFFF,
    0xFFFF, 0xFFFF, 0xFFDF, 0xFFFF, 0xAD75, 0x0000, 0x0000, 0x0000, 0x0000, 0x0000, 0x39E7, 0xEF7D,
    0x2124, 0x0000, 0x0000, 0x0000, 0x0000, 0x0000, 0x0000, 0x0000, 0x0000, 0x0000, 0x0000, 0x0000,
    0x0000, 0x0000, 0x0000, 0x0000, 0x0000, 0x0000, 0x0000, 0x0000, 0x0000, 0x0000, 0x0000, 0x0000,
    0x0000, 0x0000, 0x0000, 0x0000, 0x0000, 0x0000, 0x0000, 0x0000, 0x0000, 0x0000, 0x0000, 0x0000,
    0x0000, 0x0000, 0x0000, 0x0000, 0x0000, 0x0000, 0x0000, 0x0000, 0x0000, 0x0000, 0x0000, 0x0000,
    0x2104, 0xF77E, 0x4A28, 0x0000, 0x0020, 0x0020, 0x0040, 0xADD6, 0xF7FF, 0xF7FF, 0xFFFF, 0xFFFF,
    0xFFFF, 0xFFFF, 0xFFFF, 0xFFFF, 0xFFFF, 0xD6BA, 0x9CD2, 0xFFFF, 0xFFFF, 0xFFFF, 0xFFFF, 0xFFFF,
    0xFFFF, 0xFFFF, 0xFFFF, 0xFFFF, 0xFFFF, 0xFFFF, 0xFFFF, 0xFFFF, 0xFFFF, 0xFFFF, 0xFFFF, 0xC618,
    0xB596, 0xFFFF, 0xFFFF, 0xFFFF, 0xFFFF, 0xFFFF, 0xFFFF, 0xFFFF, 0xFFFF, 0xFFFF, 0xFFFF, 0x39E7,
    0x0000, 0x0020, 0x0000, 0xB5B6, 0x8C51, 0x2124, 0xEF7D, 0x2104, 0x0000, 0x0020, 0x0000, 0x2965,
    0xF79E, 0xFFFF, 0xFFFF, 0xFFFF, 0xFFFF, 0xFFFF, 0xFFFF, 0xFFFF, 0xFFFF, 0xFFFF, 0xFFFF, 0xFFFF,
    0xFFFF, 0xFFFF, 0xFFFF, 0xFFFF, 0xFFFF, 0xFFFF, 0xFFFF, 0xFFFF, 0xFFFF, 0xFFFF, 0xFFFF, 0xFFFF,
    0xFFFF, 0xFFFF, 0xFFFF, 0xFFFF, 0xFFFF, 0xFFFF, 0xFFFF, 0xFFFF, 0xFFFF, 0xFFDF, 0xFFFF, 0xF7BE,
    0x52AA, 0x0000, 0x0020, 0x0020, 0x0000, 0x0000, 0x0000, 0xC638, 0x8C51, 0x0000, 0xCE79, 0x7BCF,
    0x0000, 0x0000, 0x0000, 0x0000, 0x0000, 0x9CF3, 0xFFFF, 0xFFDF, 0xFFFF, 0xFFFF, 0xFFFF, 0xFFFF,
    0xFFFF, 0xFFFF, 0xFFFF, 0xFFFF, 0xFFFF, 0xFFFF, 0xFFFF, 0xFFFF, 0xFFFF, 0xFFFF, 0xF79E, 0xCE59,
    0xFFFF, 0xFFFF, 0xFFFF, 0xFFFF, 0xFFFF, 0xFFFF, 0xFFFF, 0xFFFF, 0xFFFF, 0xFFFF, 0xFFFF, 0xFFFF,
    0xFFFF, 0xFFFF, 0xFFDF, 0xFFFF, 0x8430, 0x0000, 0x0000, 0x0000, 0x0000, 0x0000, 0x39E7, 0xEF7D,
    0x2124, 0x0000, 0x0000, 0x0000, 0x0000, 0x0000, 0x0000, 0x0000, 0x0000, 0x0000, 0x0000, 0x0000,
    0x0000, 0x0000, 0x0000, 0x0000, 0x0000, 0x0000, 0x0000, 0x0000, 0x0000, 0x0000, 0x0000, 0x0000,
    0x0000, 0x0000, 0x0000, 0x0000, 0x0000, 0x0000, 0x0000, 0x0000, 0x0000, 0x0000, 0x0000, 0x0000,
    0x0000, 0x0000, 0x0000, 0x0000, 0x0000, 0x0000, 0x0000, 0x0000, 0x0000, 0x0000, 0x0000, 0x0000,
    0x2104, 0xF79E, 0x4A28, 0x0000, 0x0020, 0x0000, 0x08E3, 0x7AAA, 0x7186, 0x93AF, 0xF7DF, 0xFFDF,
    0xFFFF, 0xFFFF, 0xFFFF, 0xFFFF, 0xFFFF, 0xDF1C, 0x528A, 0xF7BE, 0xFFFF, 0xFFFF, 0xFFFF, 0xFFFF,
    0xFFFF, 0xFFFF, 0xFFDF, 0xFFFF, 0xFFFF, 0xFFFF, 0xFFFF, 0xFFFF, 0xFFFF, 0xFFDF, 0xFFFF, 0x8C71,
    0x9CF3, 0xFFFF, 0xFFFF, 0xFFFF, 0xFFFF, 0xFFFF, 0xFFFF, 0xFFFF, 0xFFFF, 0xFFFF, 0xFFFF, 0x39E7,
    0x0000, 0x0020, 0x0000, 0xB5B6, 0x8C51, 0x2124, 0xEF7D, 0x2104, 0x0000, 0x0020, 0x0000, 0x2965,
    0xF79E, 0xFFFF, 0xFFFF, 0xFFFF, 0xFFFF, 0xFFFF, 0xFFFF, 0xFFFF, 0xFFFF, 0xFFFF, 0xFFFF, 0xFFFF,
    0xFFFF, 0xFFFF, 0xFFFF, 0xFFFF, 0xFFFF, 0xFFFF, 0xFFFF, 0xFFFF, 0xFFFF, 0xFFFF, 0xFFFF, 0xFFFF,
    0xFFFF, 0xFFDF, 0xFFFF, 0xFFFF, 0xFFFF, 0xFFFF, 0xFFFF, 0xFFFF, 0xFFFF, 0xFFFF, 0xF7DF, 0xFFFF,
    0xE73C, 0x2104, 0x0000, 0x0020, 0x0020, 0x0000, 0x0000, 0xC659, 0x8C51, 0x0000, 0xCE79, 0x7BCF,
    0x0000, 0x0000, 0x0000, 0x0020, 0x0000, 0x73AE, 0xFFFF, 0xFFDF, 0xFFFF, 0xFFFF, 0xFFFF, 0xFFFF,
    0xFFFF, 0xFFFF, 0xFFFF, 0xFFFF, 0xFFFF, 0xFFFF, 0xFFFF, 0xFFFF, 0xFFFF, 0xFFFF, 0xDEDB, 0x7BCF,
    0xFFFF, 0xFFFF, 0xFFFF, 0xFFFF, 0xFFFF, 0xFFFF, 0xFFFF, 0xFFFF, 0xFFFF, 0xFFFF, 0xFFFF, 0xFFFF,
    0xFFFF, 0xFFFF, 0xFFDF, 0xFFFF, 0x5AEB, 0x0000, 0x0000, 0x0000, 0x0000, 0x0000, 0x39E7, 0xEF7D,
    0x2124, 0x0000, 0x0000, 0x0000, 0x0000, 0x0000, 0x0000, 0x0000, 0x0000, 0x0000, 0x0000, 0x0000,
    0x0000, 0x0000, 0x0000, 0x0000, 0x0000, 0x0000, 0x0000, 0x0000, 0x0000, 0x0000, 0x0000, 0x0000,
    0x0000, 0x0000, 0x0000, 0x0000, 0x0000, 0x0000, 0x0000, 0x0000, 0x0000, 0x0000, 0x0000, 0x0000,
    0x0000, 0x0000, 0x0000, 0x0000, 0x0000, 0x0000, 0x0000, 0x0000, 0x0000, 0x0000, 0x0000, 0x0000,
    0x2104, 0xF79E, 0x4229, 0x0000, 0x0840, 0x0000, 0x72CB, 0xB9E7, 0xB904, 0x8061, 0xACF3, 0xFFFF,
    0xF7DF, 0xFFFF, 0xFFFF, 0xFFDF, 0xFFFF, 0xE73C, 0x2945, 0xCE79, 0xFFFF, 0xFFFF, 0xFFFF, 0xFFFF,
    0xFFFF, 0xFFFF, 0xFFFF, 0xFFFF, 0xFFFF, 0xFFFF, 0xFFFF, 0xFFFF, 0xFFFF, 0xFFDF, 0xFFFF, 0x5ACB,
    0x94B2, 0xFFFF, 0xFFFF, 0xFFFF, 0xFFFF, 0xFFFF, 0xFFFF, 0xFFFF, 0xFFFF, 0xFFFF, 0xFFFF, 0x4208,
    0x0000, 0x0020, 0x0000, 0xB5B6, 0x8C51, 0x2945, 0xEF7D, 0x2104, 0x0000, 0x0020, 0x0000, 0x2965,
    0xF79E, 0xFFFF, 0xFFFF, 0xFFFF, 0xFFFF, 0xFFFF, 0xFFFF, 0xFFFF, 0xFFFF, 0xFFFF, 0xFFFF, 0xFFFF,
    0xFFFF, 0xFFFF, 0xFFFF, 0xFFFF, 0xFFFF, 0xFFFF, 0xFFFF, 0xFFFF, 0xFFFF, 0xFFFF, 0xFFFF, 0xFFFF,
    0xFFFF, 0xFFFF, 0xFFFF, 0xFFFF, 0xFFFF, 0xFFFF, 0xFFFF, 0xFFFF, 0xFFFF, 0xFFFF, 0xFFFF, 0xFFDF,
    0xFFFF, 0x73AE, 0x0000, 0x0020, 0x0020, 0x0020, 0x0000, 0xCE59, 0x8C51, 0x0000, 0xCE79, 0x7BCE,
    0x0000, 0x0000, 0x0000, 0x0000, 0x0000, 0x52AA, 0xFFFF, 0xFFFF, 0xFFFF, 0xFFFF, 0xFFFF, 0xFFFF,
    0xF7FF, 0xF7FF, 0xFFDF, 0xFFDF, 0xFFFF, 0xFFFF, 0xFFFF, 0xFFFF, 0xFFFF, 0xFFFF, 0xC5F8, 0x41C7,
    0xFFDF, 0xFFFF, 0xFFFF, 0xFFFF, 0xFFFF, 0xFFFF, 0xFFFF, 0xFFFF, 0xFFFF, 0xFFFF, 0xFFFF, 0xFFFF,
    0xFFFF, 0xFFFF, 0xFFFF, 0xF7BE, 0x39C7, 0x0000, 0x0000, 0x0000, 0x0000, 0x0000, 0x4207, 0xEF7D,
    0x2124, 0x0000, 0x0000, 0x0000, 0x0000, 0x0000, 0x0000, 0x0000, 0x0000, 0x0000, 0x0000, 0x0000,
    0x0000, 0x0000, 0x0000, 0x0000, 0x0000, 0x0000, 0x0000, 0x0020, 0x0000, 0x0800, 0x0000, 0x0020,
    0x0000, 0x0000, 0x0000, 0x0000, 0x0000, 0x0000, 0x0000, 0x0000, 0x0000, 0x0000, 0x0000, 0x0000,
    0x0000, 0x0000, 0x0000, 0x0000, 0x0000, 0x0000, 0x0000, 0x0000, 0x0000, 0x0000, 0x0000, 0x0000,
    0x2104, 0xF77E, 0x4248, 0x0000, 0x0040, 0x00A3, 0x8228, 0xC124, 0xC924, 0xB0E4, 0x936E, 0xF7BE,
    0xFFFF, 0xFFDF, 0xFFFF, 0xFFDF, 0xFFFF, 0xEF5C, 0x18A2, 0x9CB2, 0xFFFF, 0xFFDE, 0xFFFF, 0xFFFF,
    0xFFFF, 0xFFFF, 0xFFFF, 0xFFFF, 0xFFFF, 0xFFFF, 0xFFFF, 0xFFDF, 0xFFDF, 0xFFFF, 0xF79E, 0x18E3,
    0x9CF3, 0xFFFF, 0xFFDF, 0xFFFF, 0xFFFF, 0xFFFF, 0xFFFF, 0xFFFF, 0xFFFF, 0xFFFF, 0xFFFF, 0x4208,
    0x0000, 0x0020, 0x0000, 0xB5B6, 0x8C51, 0x2945, 0xEF7D, 0x2104, 0x0000, 0x0020, 0x0000, 0x2965,
    0xF79E, 0xFFFF, 0xFFFF, 0xFFFF, 0xFFFF, 0xFFFF, 0xFFFF, 0xFFFF, 0xFFFF, 0xFFFF, 0xFFFF, 0xE73C,
    0x52AA, 0x4208, 0x4A49, 0x4228, 0x4228, 0x4228, 0x4228, 0x4228, 0x4228, 0x4228, 0x4228, 0x4228,
    0x4208, 0x6B6D, 0xD6BA, 0xFFFF, 0xFFFF, 0xFFFF, 0xFFFF, 0xFFFF, 0xFFDF, 0xFFDF, 0xFFFF, 0xFFDF,
    0xFFFF, 0xCE38, 0x0000, 0x0800, 0x0800, 0x0800, 0x0000, 0xCE39, 0x8C51, 0x0000, 0xCE79, 0x7BCE,
    0x0000, 0x0000, 0x0000, 0x0000, 0x0000, 0x2945, 0xF7BE, 0xFFFF, 0xFFFF, 0xFFFF, 0xFFDF, 0xFFFE,
    0xF7FF, 0xFFFF, 0xFFBE, 0xFFDE, 0xEFFE, 0xFFFF, 0xFFFF, 0xFFFF, 0xFFDF, 0xFFFF, 0x8C51, 0x1082,
    0xEF7D, 0xFFFF, 0xFFFF, 0xFFFF, 0xFFFF, 0xFFFF, 0xFFFF, 0xFFFF, 0xFFFF, 0xFFFF, 0xFFFF, 0xFFFF,
    0xFFFF, 0xFFFF, 0xFFFF, 0xE71C, 0x18E3, 0x0000, 0x0000, 0x0000, 0x0000, 0x0000, 0x4207, 0xEF7D,
    0x2124, 0x0000, 0x0000, 0x0800, 0x0800, 0x0000, 0x0000, 0x0000, 0x0000, 0x0000, 0x0000, 0x0000,
    0x0000, 0x0000, 0x0000, 0x0000, 0x0000, 0x0000, 0x0000, 0x0000, 0x0800, 0x1000, 0x0000, 0x0000,
    0x0000, 0x0000, 0x0000, 0x0000, 0x0000, 0x0000, 0x0000, 0x0000, 0x0000, 0x0000, 0x0000, 0x0000,
    0x0000, 0x0000, 0x0000, 0x0000, 0x0000, 0x0000, 0x0000, 0x0000, 0x0000, 0x0000, 0x0000, 0x0000,
    0x2124, 0xF75E, 0x4A08, 0x0000, 0x0000, 0x7B2C, 0xB1C7, 0xB8E3, 0xC903, 0xB925, 0x6945, 0xDF5D,
    0xFFFF, 0xFFFF, 0xFFFF, 0xF7FF, 0xFFFF, 0xEF5D, 0x1082, 0x5AEB, 0xFFFF, 0xFFFF, 0xFFFF, 0xFFFF,
    0xFFFF, 0xF7FF, 0xFFFF, 0xFFFF, 0xFFFF, 0xFFFF, 0xFFFF, 0xFFFF, 0xFFFF, 0xFFFF, 0xC638, 0x0000,
    0xA534, 0xFFFF, 0xFFDF, 0xFFFF, 0xFFFF, 0xFFFF, 0xFFFF, 0xFFFF, 0xFFFF, 0xFFFF, 0xFFFF, 0x4208,
    0x0000, 0x0020, 0x0000, 0xB5B6, 0x8C51, 0x2945, 0xEF7D, 0x2104, 0x0000, 0x0020, 0x0000, 0x2965,
    0xF79E, 0xFFFF, 0xFFFF, 0xFFFF, 0xFFFF, 0xFFFF, 0xFFFF, 0xFFFF, 0xFFFF, 0xFFFF, 0xFFFF, 0xDEFB,
    0x0861, 0x0000, 0x0000, 0x0000, 0x0000, 0x0000, 0x0000, 0x0000, 0x0000, 0x0000, 0x0000, 0x0000,
    0x0000, 0x0000, 0x52AA, 0xFFFF, 0xFFFF, 0xFFFF, 0xFFFF, 0xFFFF, 0xFFFF, 0xFFFF, 0xFFFF, 0xFFFF,
    0xFFFF, 0xF77D, 0x2904, 0x0000, 0x0800, 0x0000, 0x0000, 0xCE58, 0x8C51, 0x0000, 0xCE59, 0x7BAF,
    0x0000, 0x0000, 0x0000, 0x0000, 0x0000, 0x0841, 0xDEFB, 0xFFFF, 0xFFFF, 0xFFFF, 0xFFFF, 0xFFFE,
    0xFFDE, 0xFFFF, 0xFFFF, 0xFFFF, 0xF7FF, 0xF7FF, 0xFFFF, 0xFFFF, 0xFFDF, 0xFFFF, 0x528A, 0x0000,
    0xCE79, 0xFFFF, 0xFFFF, 0xFFFF, 0xFFFF, 0xFFFF, 0xFFFF, 0xFFFF, 0xFFFF, 0xFFFF, 0xFFFF, 0xFFFF,
    0xFFFF, 0xFFFF, 0xFFFF, 0xC638, 0x0841, 0x0000, 0x0000, 0x0000, 0x0000, 0x0000, 0x4207, 0xEF7D,
    0x2924, 0x0000, 0x0000, 0x0000, 0x0000, 0x0000, 0x0000, 0x0000, 0x0000, 0x0000, 0x0000, 0x0000,
    0x0000, 0x0000, 0x0000, 0x0000, 0x0000, 0x0000, 0x0000, 0x0000, 0x0800, 0x0800, 0x0000, 0x0000,
    0x0000, 0x0000, 0x0000, 0x0000, 0x0000, 0x0000, 0x0000, 0x0000, 0x0000, 0x0000, 0x0000, 0x0000,
    0x0000, 0x0000, 0x0000, 0x0000, 0x0000, 0x0000, 0x0000, 0x0000, 0x0000, 0x0000, 0x0000, 0x0000,
    0x2104, 0xF77D, 0x5228, 0x0000, 0x2166, 0xCBAE, 0xB8C3, 0xC903, 0xC144, 0x88E3, 0x9CD3, 0xFFFF,
    0xFFBF, 0xFFDF, 0xFFFF, 0xF7FE, 0xFFFF, 0xEF5D, 0x18A3, 0x2945, 0xFFDF, 0xFFFF, 0xFFDF, 0xFFFF,
    0xFFFF, 0xFFFF, 0xFFFF, 0xFFFF, 0xFFFF, 0xFFDF, 0xFFFF, 0xFFFF, 0xFFDF, 0xFFFF, 0x7BEF, 0x0000,
    0xAD55, 0xFFFF, 0xFFFF, 0xFFFF, 0xFFFF, 0xFFFF, 0xFFFF, 0xFFFF, 0xFFFF, 0xFFFF, 0xFFFF, 0x4208,
    0x0000, 0x0020, 0x0000, 0xB5B6, 0x8C51, 0x2945, 0xEF7D, 0x2104, 0x0000, 0x0020, 0x0000, 0x2965,
    0xF79E, 0xFFFF, 0xFFFF, 0xFFFF, 0xFFFF, 0xFFFF, 0xFFFF, 0xFFFF, 0xFFFF, 0xFFFF, 0xFFFF, 0xDEFB,
    0x18C3, 0x0000, 0x0020, 0x0000, 0x0000, 0x0000, 0x0000, 0x0000, 0x0000, 0x0000, 0x0000, 0x0000,
    0x0020, 0x0000, 0x31A6, 0xF79E, 0xFFFF, 0xFFFF, 0xFFFF, 0xFFFF, 0xFFFF, 0xFFFF, 0xF7FF, 0xF7FF,
    0xF7FF, 0xF7FF, 0x3A27, 0x0000, 0x0020, 0x0020, 0x0020, 0xBE78, 0x8470, 0x0000, 0xCE59, 0x7BAF,
    0x0000, 0x0000, 0x0000, 0x0000, 0x0000, 0x0000, 0xB5B6, 0xFFFF, 0xFFFF, 0xF7FF, 0xEFFF, 0xFFDE,
    0xFFFF, 0xD71C, 0x7A8A, 0x7A8A, 0xD73C, 0xFFFF, 0xF7FF, 0xFFFF, 0xFFFF, 0xF7BE, 0x2986, 0x0000,
    0xA555, 0xFFFF, 0xFFDF, 0xFFFF, 0xFFFF, 0xFFFF, 0xFFFF, 0xFFFF, 0xFFFF, 0xFFFF, 0xFFFF, 0xFFFF,
    0xFFFF, 0xFFFF, 0xFFFF, 0xA534, 0x0000, 0x0000, 0x0000, 0x0000, 0x0000, 0x0000, 0x4208, 0xEF7D,
    0x2924, 0x0000, 0x0001, 0x0001, 0x0001, 0x0001, 0x0001, 0x0001, 0x0000, 0x0000, 0x0000, 0x0000,
    0x0000, 0x0000, 0x0000, 0x0020, 0x0020, 0x0000, 0x0000, 0x0020, 0x0040, 0x0040, 0x0040, 0x0020,
    0x0000, 0x0000, 0x0000, 0x0000, 0x0000, 0x0000, 0x0000, 0x0000, 0x0000, 0x0000, 0x0000, 0x0000,
    0x0000, 0x0000, 0x0000, 0x0000, 0x0000, 0x0000, 0x0000, 0x0000, 0x0000, 0x0000, 0x0000, 0x0000,
    0x2905, 0xFF9E, 0x3227, 0x39C6, 0xAB6E, 0xB9A6, 0xC8C3, 0xC8E3, 0xC8E5, 0x7104, 0xDF7D, 0xFFFF,
    0xF7FF, 0xFFDF, 0xFFBF, 0xFFDE, 0xFFDE, 0xE73C, 0x18E3, 0x0000, 0xC638, 0xFFDF, 0xF7BE, 0xF7BF,
    0xFFDE, 0xFFDE, 0xFFDE, 0xFFDF, 0xFFDF, 0xFFDF, 0xFFDE, 0xF7DE, 0xFFFF, 0xF7BE, 0x3186, 0x0000,
    0xA534, 0xFFFF, 0xFFDF, 0xFFFF, 0xFFFF, 0xFFFF, 0xFFFF, 0xFFFF, 0xFFFF, 0xFFFF, 0xFFFF, 0x4208,
    0x0000, 0x0020, 0x0000, 0xB5B6, 0x8C51, 0x2945, 0xEF7D, 0x2104, 0x0000, 0x0020, 0x0000, 0x2965,
    0xF79E, 0xFFFF, 0xFFFF, 0xFFFF, 0xFFFF, 0xFFFF, 0xFFFF, 0xFFFF, 0xFFFF, 0xFFFF, 0xFFFF, 0xDEFB,
    0x18C3, 0x0000, 0x0020, 0x0000, 0x0000, 0x0000, 0x0000, 0x0000, 0x0000, 0x0000, 0x0000, 0x0020,
    0x0841, 0x0020, 0x31A6, 0xF79E, 0xFFFF, 0xFFFF, 0xFFFF, 0xFFFF, 0xFFDF, 0xFFFF, 0xFFFF, 0xFFFF,
    0xF7DE, 0xFFFF, 0x4AAA, 0x0000, 0x0841, 0x0021, 0x0000, 0xC638, 0x8450, 0x0000, 0xCE79, 0x7BAF,
    0x0000, 0x0000, 0x0000, 0x0000, 0x0020, 0x0000, 0x7BEF, 0xFFFF, 0xFFDF, 0xFFFF, 0xF7DF, 0xFFFF,
    0xD6FB, 0x79A6, 0xA0A3, 0x98C3, 0x71A5, 0xA4F3, 0xFFFF, 0xFFDF, 0xFFFF, 0xDEDB, 0x10C2, 0x0000,
    0x73AF, 0xFFFF, 0xFFFF, 0xFFFF, 0xFFFF, 0xFFFF, 0xFFFF, 0xFFFF, 0xFFFF, 0xFFFF, 0xFFFF, 0xFFFF,
    0xFFFF, 0xFFFF, 0xFFFF, 0x7BEF, 0x0000, 0x0020, 0x0000, 0x0000, 0x0000, 0x0000, 0x4208, 0xEF7D,
    0x2124, 0x0000, 0x0020, 0x0020, 0x0020, 0x0020, 0x0020, 0x0020, 0x0020, 0x0020, 0x0000, 0x0000,
    0x0000, 0x0000, 0x0000, 0x0000, 0x0000, 0x0000, 0x0000, 0x0000, 0x0000, 0x0000, 0x0000, 0x0000,
    0x0000, 0x0000, 0x0000, 0x0000, 0x0000, 0x0000, 0x0000, 0x0000, 0x0000, 0x0000, 0x0000, 0x0000,
    0x0000, 0x0000, 0x0000, 0x0000, 0x0000, 0x0000, 0x0000, 0x0000, 0x0000, 0x0000, 0x0000, 0x0000,
    0x2925, 0xE71C, 0x636D, 0xB26B, 0xC126, 0xB8C3, 0xC8E3, 0xD0E4, 0xB084, 0x8B4D, 0xFFFF, 0xFFFF,
    0xFFFF, 0xFFFF, 0xFFDF, 0xFFFF, 0xFFFF, 0xF7DE, 0x1903, 0x0000, 0x6BCE, 0xFFFF, 0xFFFF, 0xFFFF,
    0xFFFF, 0xFFFF, 0xFFFF, 0xFFFF, 0xFFFF, 0xFFFF, 0xFFFF, 0xFFFE, 0xFFFF, 0xCE59, 0x0861, 0x0000,
    0xA514, 0xFFFF, 0xFFDF, 0xFFFF, 0xFFFF, 0xFFFF, 0xFFFF, 0xFFFF, 0xFFFF, 0xFFFF, 0xFFFF, 0x4208,
    0x0000, 0x0020, 0x0000, 0xB5B6, 0x8C51, 0x2945, 0xEF7D, 0x2104, 0x0000, 0x0020, 0x0000, 0x2965,
    0xF79E, 0xFFFF, 0xFFFF, 0xFFFF, 0xFFFF, 0xFFFF, 0xFFFF, 0xFFFF, 0xFFFF, 0xFFFF, 0xFFFF, 0xDEFB,
    0x0861, 0x0000, 0x0000, 0x0000, 0x0000, 0x0000, 0x0000, 0x0000, 0x0000, 0x0000, 0x0000, 0x0000,
    0x0000, 0x0000, 0x632C, 0xFFFF, 0xFFFF, 0xFFFF, 0xFFFF, 0xFFFF, 0xFFFF, 0xFFFF, 0xFFFF, 0xFFDF,
    0xFF9E, 0xFFFF, 0x4A4A, 0x0000, 0x0001, 0x0000, 0x0800, 0xCE18, 0x8C30, 0x0000, 0xCE79, 0x73CF,
    0x0000, 0x0000, 0x0000, 0x0000, 0x0020, 0x0000, 0x52AA, 0xFFFF, 0xFFDF, 0xFFDF, 0xFFFF, 0xD6DB,
    0x7144, 0xB0C3, 0xD124, 0xC924, 0xA0A2, 0x8B4D, 0xEFFF, 0xFFDF, 0xFFFF, 0xBDB6, 0x0040, 0x0000,
    0x39E8, 0xFFFF, 0xFFFF, 0xFFFF, 0xFFFF, 0xFFFF, 0xFFFF, 0xFFFF, 0xFFFF, 0xFFFF, 0xFFFF, 0xFFFF,
    0xFFFF, 0xFFFF, 0xFFFF, 0x528A, 0x0000, 0x0020, 0x0000, 0x0000, 0x0000, 0x0000, 0x4208, 0xEF7D,
    0x2144, 0x0000, 0x0840, 0x0800, 0x0000, 0x0000, 0x0000, 0x0000, 0x0000, 0x0000, 0x0000, 0x10E3,
    0x2145, 0x1904, 0x10E4, 0x838E, 0x732C, 0x2104, 0x18E4, 0x3166, 0x9BCF, 0x93AF, 0x4A08, 0x0000,
    0x0000, 0x0000, 0x0000, 0x0000, 0x0000, 0x0000, 0x0000, 0x0000, 0x0000, 0x0000, 0x0000, 0x0000,
    0x0000, 0x0000, 0x0000, 0x0000, 0x0000, 0x0000, 0x0000, 0x0000, 0x0000, 0x0000, 0x0000, 0x0000,
    0x2124, 0xE71C, 0x83F0, 0xBA09, 0xC0A3, 0xC903, 0xC0E3, 0xD105, 0x8842, 0x8C30, 0xEF5D, 0xD71C,
    0xDF3C, 0xDF1C, 0xE71C, 0xC639, 0x734D, 0x8BAE, 0x39E7, 0x10E4, 0x93EF, 0x93AE, 0x836E, 0x8B8E,
    0x8B8E, 0x8B8E, 0x8B8E, 0x8B8E, 0x8B8E, 0x838E, 0xB5B6, 0xE73C, 0xF7FF, 0xA534, 0x0000, 0x0000,
    0xA514, 0xFFFF, 0xFFDF, 0xFFFF, 0xFFFF, 0xFFFF, 0xFFFF, 0xFFFF, 0xFFFF, 0xFFFF, 0xFFFF, 0x4208,
    0x0000, 0x0020, 0x0000, 0xB5B6, 0x8C51, 0x2945, 0xEF7D, 0x2104, 0x0000, 0x0020, 0x0000, 0x2965,
    0xF79E, 0xFFFF, 0xFFFF, 0xFFFF, 0xFFFF, 0xFFFF, 0xFFFF, 0xFFFF, 0xFFFF, 0xFFFF, 0xFFFF, 0xE73C,
    0x630C, 0x4A69, 0x528A, 0x528A, 0x528A, 0x528A, 0x528A, 0x528A, 0x528A, 0x528A, 0x528A, 0x4A69,
    0x52AA, 0x8C51, 0xE73C, 0xFFFF, 0xFFFF, 0xFFFF, 0xFFFF, 0xFFFF, 0xF7FF, 0xFFFF, 0xFFFF, 0xFFDF,
    0xFFFF, 0xEFBF, 0x4A8B, 0x1904, 0x1926, 0x1925, 0x0000, 0xC638, 0x8C31, 0x0000, 0xCE79, 0x73CF,
    0x0000, 0x0000, 0x0000, 0x0000, 0x0020, 0x0000, 0x2965, 0xF79E, 0xFFDF, 0xFFFF, 0xD6DB, 0x6104,
    0xA8C3, 0xD104, 0xC8C3, 0xC8E3, 0xC146, 0x6904, 0xC6DB, 0xFFFF, 0xFFFF, 0x9491, 0x0000, 0x0000,
    0x18C3, 0xEF5D, 0xFFFF, 0xFFFF, 0xFFFF, 0xFFFF, 0xFFFF, 0xFFFF, 0xFFFF, 0xFFFF, 0xFFFF, 0xFFFF,
    0xFFFF, 0xFFFF, 0xFFDF, 0x2965, 0x0000, 0x0020, 0x0000, 0x0000, 0x0000, 0x0000, 0x3A08, 0xEF9E,
    0x2145, 0x0000, 0x0000, 0x0000, 0x0042, 0x2125, 0x1904, 0x2986, 0x83AE, 0x832C, 0x61E7, 0x92AB,
    0xD3AF, 0xBA8A, 0xB228, 0xC228, 0xBA28, 0xD32C, 0xC2AB, 0xC229, 0xD209, 0xC1A8, 0xB32D, 0x4249,
    0x0000, 0x0000, 0x0000, 0x0000, 0x0000, 0x0000, 0x0000, 0x0000, 0x0000, 0x0000, 0x0000, 0x0000,
    0x0000, 0x0000, 0x0000, 0x0000, 0x0000, 0x0000, 0x0000, 0x0000, 0x0000, 0x0000, 0x0000, 0x0000,
    0x2964, 0xF77D, 0x3A8B, 0xA2CA, 0xC124, 0xC102, 0xC903, 0xC8E4, 0x90A3, 0x4000, 0x5062, 0x5883,
    0x58A3, 0x70E3, 0x80E4, 0x88A4, 0x7800, 0x8881, 0xB1E7, 0xA9A6, 0xB185, 0xA0A2, 0xA0A2, 0xA8A2,
    0xA8A2, 0xA882, 0xA882, 0xA881, 0xA882, 0x98A2, 0x8903, 0x68C3, 0x82CA, 0x534D, 0x0000, 0x0000,
    0x9D14, 0xFFFF, 0xFFDF, 0xFFFF, 0xFFFF, 0xFFFF, 0xFFFF, 0xFFFF, 0xFFFF, 0xFFFF, 0xFFFF, 0x4208,
    0x0000, 0x0020, 0x0000, 0xB5B6, 0x8C51, 0x2925, 0xEF7E, 0x2104, 0x0000, 0x0000, 0x0000, 0x3166,
    0xF79E, 0xFFFF, 0xFFFF, 0xFFFF, 0xFFFF, 0xFFFF, 0xFFFF, 0xFFFF, 0xFFFF, 0xFFFF, 0xFFFF, 0xFFFF,
    0xFFFF, 0xFFFF, 0xFFFF, 0xFFFF, 0xFFFF, 0xFFFF, 0xFFFF, 0xFFFF, 0xFFFF, 0xFFFF, 0xFFFF, 0xFFFF,
    0xFFFF, 0xFFFF, 0xFFFF, 0xFFFF, 0xFFFF, 0xFFFF, 0xFFFF, 0xFFFF, 0xFFFF, 0xFFDF, 0xFFDF, 0xFFFF,
    0xA4D3, 0x69A7, 0xB2AB, 0xCB6E, 0xC32D, 0xC3AF, 0x7B0C, 0xCEFB, 0x8C92, 0x0000, 0xD679, 0x7BCF,
    0x0000, 0x0000, 0x0000, 0x0000, 0x0000, 0x0000, 0x18A3, 0xDEDB, 0xFFFF, 0xCEDA, 0x58E4, 0x98C3,
    0xC925, 0xD0C3, 0xC903, 0xC124, 0xA8C4, 0x69C7, 0xDF7D, 0xFFDF, 0xFFFF, 0x6B2C, 0x0000, 0x0020,
    0x0021, 0xC638, 0xFFFF, 0xFFFF, 0xFFFF, 0xFFFF, 0xFFFF, 0xFFFF, 0xFFFF, 0xFFFF, 0xFFFF, 0xFFFF,
    0xFFFF, 0xFFFF, 0xDEDB, 0x0862, 0x0000, 0x0000, 0x0000, 0x0000, 0x0000, 0x0000, 0x3A69, 0xD73C,
    0x1985, 0x4208, 0x834D, 0x6A28, 0x930C, 0xC3CE, 0xC30B, 0xBA48, 0xB9A6, 0xC1A6, 0xC166, 0xB8E4,
    0xB8C4, 0xC0E3, 0xC0C3, 0xB8A2, 0xB8E3, 0xB0C3, 0xA8A2, 0xA0E2, 0xB986, 0xB9E8, 0x92EB, 0x10E4,
    0x0000, 0x0000, 0x0000, 0x0000, 0x0000, 0x0000, 0x0000, 0x0000, 0x0000, 0x0000, 0x0000, 0x0000,
    0x0000, 0x0000, 0x0000, 0x0800, 0x0000, 0x0020, 0x0020, 0x0020, 0x0020, 0x0020, 0x0821, 0x0000,
    0x1903, 0xD73C, 0xBD14, 0xC229, 0xC0C3, 0xC903, 0xD0E3, 0xC903, 0xB904, 0xA904, 0xB925, 0xB925,
    0xB925, 0xC125, 0xC105, 0xC925, 0xD145, 0xC924, 0xC0E3, 0xC8E3, 0xC8C3, 0xD0E4, 0xD125, 0xC944,
    0xC945, 0xD125, 0xD145, 0xD144, 0xD903, 0xD103, 0xC123, 0xC124, 0xB0E3, 0x8AAB, 0x0042, 0x0000,
    0x9534, 0xFFFF, 0xFFBF, 0xFFFF, 0xFFFF, 0xFFFF, 0xFFFF, 0xFFFF, 0xFFFF, 0xFFFF, 0xFFFF, 0x4208,
    0x0000, 0x0020, 0x0000, 0xB5B6, 0x8C51, 0x2925, 0xF77E, 0x2104, 0x0000, 0x0801, 0x0000, 0x3166,
    0xF77E, 0xFFFF, 0xFFDF, 0xFFFF, 0xFFFF, 0xFFFF, 0xFFFF, 0xFFFF, 0xFFDF, 0xFFFF, 0xF7FF, 0xF7FF,
    0xFFFF, 0xFFDF, 0xF7FF, 0xFFFF, 0xFFFF, 0xFFFF, 0xFFFF, 0xFFFF, 0xFFFF, 0xFFFF, 0xFFFF, 0xFFFF,
    0xFFFF, 0xFFDF, 0xFFDF, 0xFFFF, 0xFFFF, 0xFFFF, 0xFFFF, 0xFFFF, 0xFFFF, 0xFFBF, 0xFFFF, 0xA471,
    0x8021, 0xB0A3, 0xB903, 0xB0C1, 0xB0E3, 0xB8A3, 0xC9E7, 0x930B, 0x6B6E, 0x0000, 0xCE78, 0x7BAF,
    0x0000, 0x0800, 0x0000, 0x0000, 0x0801, 0x1001, 0x0821, 0xADF7, 0xA4D3, 0x6125, 0x98C2, 0xC944,
    0xC8E3, 0xC8E3, 0xD0C3, 0xC924, 0x98E3, 0xAD75, 0xFFFF, 0xF7DF, 0xFFFF, 0x3A07, 0x0000, 0x0020,
    0x0000, 0xA534, 0xFFFF, 0xF7FF, 0xFFFF, 0xFFFF, 0xFFFF, 0xFFFF, 0xF7FF, 0xF7FF, 0xFFFF, 0xFFDF,
    0xF79E, 0xFFFF, 0xAD56, 0x0000, 0x0000, 0x0041, 0x10E4, 0x0882, 0x1945, 0x6A69, 0x8228, 0x9186,
    0xA1E7, 0xC289, 0xCA28, 0xC965, 0xC944, 0xB8A2, 0xC0A3, 0xC8E3, 0xC0C3, 0xB8C3, 0xB8C3, 0xC0E3,
    0xC0C3, 0xC104, 0xC1A6, 0xC228, 0x99A6, 0xAA89, 0xC3CE, 0x9B4C, 0x51E7, 0x6AAA, 0x31C7, 0x0000,
    0x0000, 0x0000, 0x0000, 0x0000, 0x0000, 0x0000, 0x0000, 0x0000, 0x0000, 0x0000, 0x0000, 0x0000,
    0x0000, 0x0000, 0x0000, 0x0000, 0x0801, 0x0000, 0x0020, 0x0000, 0x0000, 0x0000, 0x0000, 0x08A2,
    0x6B2C, 0x6165, 0xBA28, 0xC104, 0xC8E4, 0xC8E3, 0xD0C4, 0xD0C3, 0xD0E4, 0xD0E4, 0xD104, 0xD124,
    0xC904, 0xC904, 0xC8E4, 0xC904, 0xC924, 0xC124, 0xC124, 0xC144, 0xC185, 0xC185, 0xA8C2, 0xA0C2,
    0x98C2, 0x90A3, 0x98A3, 0xA8A3, 0xB945, 0xC905, 0xC8E4, 0xC904, 0xB903, 0xC26A, 0x4A4A, 0x0000,
    0xA554, 0xFFFF, 0xFFDF, 0xFFFF, 0xFFFF, 0xFFFF, 0xFFFF, 0xFFFF, 0xFFFF, 0xFFFF, 0xFFFF, 0x4208,
    0x0000, 0x0020, 0x0000, 0xB5B6, 0x8C31, 0x2945, 0xEF9E, 0x1904, 0x0000, 0x0020, 0x0000, 0x2986,
    0xEF9E, 0xFFFF, 0xFFFF, 0xFFFF, 0xFFFF, 0xFFFF, 0xF7FF, 0xFFFF, 0xFFDF, 0xFFDF, 0xF7FF, 0xFFFF,
    0xFFBF, 0xFFBF, 0xFFDF, 0xFFFF, 0xFFFF, 0xFFFF, 0xFFFF, 0xFFFF, 0xFFFF, 0xFFFF, 0xFFFF, 0xFFFF,
    0xFFFF, 0xFFFF, 0xF7FF, 0xF7FF, 0xF7FF, 0xFFFF, 0xFFFF, 0xFFFE, 0xFFFE, 0xFFFF, 0x9C50, 0x80A2,
    0xC966, 0xD0E5, 0xB8C3, 0xBA07, 0xC1A6, 0xC8C3, 0xC0E4, 0xA125, 0x51A6, 0x0000, 0xD638, 0x73AF,
    0x0000, 0x0040, 0x0040, 0x0020, 0x0000, 0x0000, 0x08E4, 0x7249, 0x7062, 0xB105, 0xC924, 0xC103,
    0xC145, 0xC904, 0xD0C3, 0xC904, 0x9945, 0xDF9E, 0xFFFF, 0xFFFF, 0xEF3D, 0x20E3, 0x0000, 0x0820,
    0x0000, 0x7BAF, 0xFFFF, 0xFFDF, 0xFFDF, 0xFFFF, 0xFFFF, 0xFFDF, 0xFFBF, 0xFFDF, 0xFFFE, 0xFFFE,
    0xFFFF, 0xF7DF, 0x7C51, 0x62AA, 0x6ACB, 0x830C, 0xC3CF, 0xAA28, 0x9945, 0xC9C7, 0xB8E4, 0xC8E4,
    0xC8E4, 0xC8A3, 0xC8C3, 0xC0C3, 0xC8C4, 0xC925, 0xB8C4, 0xB0E4, 0xB986, 0xB9A7, 0xBA49, 0xA28A,
    0xC3CF, 0x9B2C, 0x59C7, 0x7B2C, 0x1904, 0x10A2, 0x1924, 0x1104, 0x0021, 0x0000, 0x0000, 0x0000,
    0x0000, 0x0000, 0x0000, 0x0000, 0x0000, 0x0000, 0x0000, 0x0000, 0x0000, 0x0000, 0x0000, 0x0000,
    0x0000, 0x0000, 0x0040, 0x0021, 0x0001, 0x0000, 0x0000, 0x0041, 0x0842, 0x39C7, 0x628A, 0xB32D,
    0xDA6A, 0xC0E3, 0xC8A2, 0xC8E3, 0xC8E3, 0xC8E4, 0xC0A4, 0xC8E5, 0xC145, 0xB104, 0xA0C3, 0xA0E3,
    0x98E3, 0x9923, 0x9144, 0x88E2, 0x70C3, 0x7965, 0x69C7, 0x4944, 0x6208, 0x6A69, 0x8B8E, 0x938E,
    0x8B8D, 0x8B8D, 0x938E, 0x7AEB, 0x5862, 0xA8E5, 0xC8E5, 0xD0C4, 0xC8C3, 0xC9E9, 0xA3F0, 0x0000,
    0xAD34, 0xFFFF, 0xFFDF, 0xFFFF, 0xFFFF, 0xFFFF, 0xFFFF, 0xFFFF, 0xFFFF, 0xFFFF, 0xFFFF, 0x4208,
    0x0000, 0x0020, 0x0000, 0xB5B6, 0x8C51, 0x2145, 0xEF9D, 0x1924, 0x0000, 0x0020, 0x0000, 0x2985,
    0xEF9E, 0xFFFF, 0xFFFF, 0xFFFF, 0xFFFF, 0xFFFF, 0xF7FF, 0xF7FF, 0xFFDF, 0xFFDF, 0xFFFF, 0xFFFF,
    0xFFDF, 0xFFBF, 0xFFDF, 0xFFFF, 0xFFFF, 0xFFFF, 0xFFFF, 0xFFFF, 0xFFFF, 0xFFFF, 0xFFFF, 0xFFFF,
    0xFFFF, 0xFFFF, 0xF7FF, 0xF7DF, 0xF7FE, 0xFFFE, 0xFFDE, 0xFFDE, 0xFFFF, 0x9450, 0x7861, 0xC164,
    0xC123, 0xB104, 0xD38F, 0xFE17, 0xB9E6, 0xB8E3, 0xC8E4, 0xB9A7, 0x61C7, 0x0000, 0xD619, 0x73B0,
    0x0000, 0x0061, 0x0020, 0x0000, 0x0040, 0x29A6, 0xAB2D, 0xA9A5, 0xC124, 0xD0E4, 0xC924, 0xB164,
    0x88A2, 0xA8E3, 0xD0E3, 0xC904, 0x9145, 0xD71C, 0xFFFF, 0xFFFF, 0xC618, 0x0000, 0x0800, 0x0800,
    0x0000, 0x528A, 0xFFFF, 0xFFDF, 0xF7DF, 0xFFFF, 0xFFFF, 0xFFFF, 0xFFFF, 0xF7DF, 0xF7FE, 0xE7BD,
    0x9471, 0x6946, 0xAA8B, 0xDB2D, 0xCA28, 0xB9A6, 0xB0E3, 0xB903, 0xC144, 0xB8E3, 0xC104, 0xC924,
    0xC0E3, 0xC0A3, 0xC0E3, 0xC9A6, 0xB165, 0x9945, 0xC32C, 0xAB6D, 0x726A, 0x8B6D, 0x4208, 0x10C2,
    0x2144, 0x08A2, 0x0000, 0x0000, 0x0000, 0x0000, 0x0000, 0x0000, 0x0000, 0x0821, 0x0801, 0x0000,
    0x0000, 0x0000, 0x0000, 0x0000, 0x0000, 0x0000, 0x0000, 0x0000, 0x0000, 0x0000, 0x0000, 0x0020,
    0x0020, 0x0000, 0x0000, 0x0000, 0x0020, 0x10E4, 0x5A29, 0x936D, 0xBB0B, 0xB228, 0xC9E7, 0xB8E3,
    0xB8C3, 0xD0E3, 0xD0E3, 0xC903, 0xD0E3, 0xC8C4, 0xC228, 0x8185, 0x50A2, 0x7A49, 0x938E, 0x832C,
    0x7B2C, 0x9C91, 0xDF1C, 0xD6DB, 0xD6DB, 0xC679, 0x1944, 0x0000, 0x0000, 0x0000, 0xBE58, 0xFFFF,
    0xF7FF, 0xFFFF, 0xFFFF, 0xC6DB, 0x4800, 0xB106, 0xC8E5, 0xD0C4, 0xC8A3, 0xCA6A, 0x62CB, 0x0000,
    0xAD14, 0xFFFF, 0xFFDF, 0xFFFF, 0xFFFF, 0xFFFF, 0xFFFF, 0xFFFF, 0xFFFF, 0xFFFF, 0xFFFF, 0x4208,
    0x0000, 0x0820, 0x0000, 0xB5B6, 0x8451, 0x2144, 0xEF9D, 0x2103, 0x0000, 0x0020, 0x0000, 0x3165,
    0xF79D, 0xFFFF, 0xFFFF, 0xFFFF, 0xFFFF, 0xFFDF, 0xFFFF, 0xFFFF, 0xFFFF, 0xFFFF, 0xFFFF, 0xFFFF,
    0xFFFF, 0xF7FF, 0xF7FF, 0xFFFF, 0xFFFF, 0xFFFF, 0xFFFF, 0xFFFF, 0xFFFF, 0xFFFF, 0xFFFF, 0xFFFF,
    0xFFFF, 0xFFFF, 0xFFFF, 0xFFFF, 0xFFFF, 0xFFFF, 0xF7FF, 0xFFFF, 0xB596, 0x7000, 0xD145, 0xD0C3,
    0xC8E2, 0xB944, 0xEC31, 0xCA6B, 0xB8C3, 0xC8E3, 0xB8E4, 0x8965, 0x52CB, 0x0000, 0xCE59, 0x73CF,
    0x0000, 0x0800, 0x0000, 0x39C7, 0xCC92, 0xB229, 0xB904, 0xC0E3, 0xC903, 0xC965, 0x98E3, 0x6944,
    0x48E4, 0x88A2, 0xC923, 0xC103, 0x8925, 0xDF7D, 0xF7FF, 0xFFFF, 0x94B2, 0x0000, 0x0040, 0x0020,
    0x0000, 0x29A6, 0xEFBD, 0xFFFF, 0xFFFF, 0xFFFF, 0xD71C, 0xA514, 0x9451, 0x6145, 0x8186, 0x91A7,
    0x8882, 0xA904, 0xB904, 0xB0C2, 0xB8C2, 0xC0E2, 0xC903, 0xC8C3, 0xC0A2, 0xC925, 0xC125, 0xA0E3,
    0xA9E7, 0xC30B, 0x9AEB, 0x7228, 0x626A, 0x0862, 0x2966, 0x1925, 0x0000, 0x0000, 0x0000, 0x0000,
    0x0000, 0x0000, 0x0020, 0x0020, 0x0020, 0x0000, 0x0020, 0x0000, 0x0800, 0x0800, 0x0800, 0x0800,
    0x0000, 0x0000, 0x0000, 0x0000, 0x0000, 0x0000, 0x0000, 0x0020, 0x0020, 0x0020, 0x0800, 0x0000,
    0x0000, 0x0000, 0x2125, 0x5249, 0x92EC, 0xB28B, 0xD26B, 0xC166, 0xB904, 0xB903, 0xC0C2, 0xC8E3,
    0xC0E4, 0xC8E3, 0xD0E3, 0xC8E3, 0xD0C3, 0xC987, 0xAC50, 0xB5B7, 0xC69A, 0xDF9D, 0xFFFF, 0xFFFF,
    0xFFFF, 0xFFFF, 0xFFFF, 0xFFFF, 0xFFFF, 0xEF7E, 0x1904, 0x0000, 0x0861, 0x0000, 0x6B2C, 0xFFDF,
    0xEF9D, 0xF7FF, 0xBE58, 0x6104, 0xB125, 0xD104, 0xC8E4, 0xC104, 0xB144, 0xB3AE, 0x08A3, 0x0000,
    0xA534, 0xFFFF, 0xFFBF, 0xFFFF, 0xFFFF, 0xFFFF, 0xFFFF, 0xFFFF, 0xFFFF, 0xFFDF, 0xFFFF, 0x39E7,
    0x0000, 0x0820, 0x0000, 0xB5B6, 0x8451, 0x2144, 0xF77D, 0x2904, 0x0000, 0x0800, 0x0000, 0x3165,
    0xF75D, 0xFFFF, 0xFFFF, 0xFFFF, 0xFFFF, 0xFFFF, 0xFFDF, 0xFFFF, 0xF7FF, 0xF7FF, 0xFFFF, 0xFFDE,
    0xFFBE, 0xF7FE, 0xF7FF, 0xFFFF, 0xFFFF, 0xFFFF, 0xFFFF, 0xFFFF, 0xFFFF, 0xFFFF, 0xFFFF, 0xFFDE,
    0xFFFE, 0xFFFF, 0xC679, 0xAD55, 0xAD34, 0x59A6, 0x6986, 0x69C7, 0x7965, 0xB8E4, 0xD8C4, 0xD8A3,
    0xD0C3, 0xC103, 0xC0C3, 0xD063, 0xD8C4, 0xC0C3, 0xA945, 0x9BCE, 0x7C71, 0x0000, 0xCE99, 0x6BCE,
    0x0000, 0x0883, 0x5249, 0xBB2C, 0xB9A6, 0xB8E3, 0xC904, 0xC0E3, 0xB124, 0x70A1, 0x7AEB, 0xDF1C,
    0xC679, 0x78E4, 0xC904, 0xC903, 0x88A2, 0xB5F7, 0xFFFF, 0xFFFF, 0x428A, 0x0000, 0x0000, 0x0000,
    0x0000, 0x08A2, 0xBE79, 0xBDD7, 0xAD55, 0x7248, 0x6944, 0x6820, 0x9862, 0xB8E4, 0xC0E3, 0xB8E2,
    0xC944, 0xC124, 0xB8E3, 0xB8E3, 0xC124, 0xC145, 0xA944, 0xB1E7, 0xB28A, 0x71A7, 0x932C, 0x832C,
    0x3A08, 0x2945, 0x1904, 0x0000, 0x0000, 0x0000, 0x0000, 0x0000, 0x0000, 0x0020, 0x0020, 0x0000,
    0x0000, 0x0000, 0x0000, 0x0000, 0x0000, 0x0000, 0x0000, 0x0000, 0x0000, 0x0000, 0x0000, 0x0000,
    0x0000, 0x0000, 0x0000, 0x0000, 0x0000, 0x0000, 0x0000, 0x0000, 0x0020, 0x0020, 0x0000, 0x2145,
    0x4A49, 0xA3AE, 0xB2EC, 0xCA49, 0xB0E4, 0xC104, 0xC0C3, 0xC8E4, 0xC904, 0xB8C3, 0xB104, 0xC1A7,
    0xC166, 0xC8E4, 0xD0C4, 0xD0E4, 0xC0C4, 0xB967, 0x926B, 0x8C31, 0xE7BE, 0xFFFF, 0xF7DF, 0xF7BE,
    0xF7BE, 0xFFDE, 0xFFDE, 0xF7DE, 0xFFDF, 0xE71C, 0x18E4, 0x0000, 0x0041, 0x0000, 0x3146, 0xF79F,
    0xFFFF, 0xA513, 0x7185, 0xA924, 0xC903, 0xD0E3, 0xC103, 0xB1C6, 0xA36D, 0x1904, 0x0000, 0x0000,
    0x9D13, 0xFFFF, 0xFFBF, 0xFFDF, 0xFFDE, 0xFFDF, 0xFFDF, 0xFFDF, 0xFFDF, 0xFFDF, 0xFFFF, 0x39E7,
    0x0000, 0x0020, 0x0000, 0xADB6, 0x8450, 0x2944, 0xF75D, 0x28E4, 0x0000, 0x0821, 0x0000, 0x3966,
    0xF75D, 0xFFBF, 0xFFDE, 0xF7FF, 0xF7FF, 0xFFDF, 0xFFBF, 0xFFDE, 0xF7FE, 0xF7FE, 0xFFDF, 0xFFDF,
    0xFFFF, 0xFFFF, 0xFFBF, 0xFFFF, 0xFFDF, 0xFFDF, 0xFFDF, 0xFFDF, 0xFFDF, 0xF7FF, 0xF7FF, 0xFFFF,
    0xEFDE, 0x72CB, 0x60A3, 0x7882, 0x88A2, 0x98C3, 0xA8E4, 0xB0C4, 0xB904, 0xC104, 0xD0A3, 0xD0C4,
    0xC904, 0xC903, 0xC903, 0xC103, 0xB903, 0xB289, 0x8B2C, 0xCE9A, 0x8471, 0x0000, 0xDEDB, 0x6C30,
    0x2104, 0x8AAB, 0xCA89, 0xB8A2, 0xD0C2, 0xC903, 0xB924, 0xB1A7, 0x8186, 0xAD55, 0xE79E, 0xFFFF,
    0xCEDA, 0x68A4, 0xC905, 0xD0E3, 0xB0E4, 0x60A3, 0x61C7, 0x6A08, 0x938E, 0x3986, 0x39A6, 0x4A08,
    0xABEF, 0xA2EB, 0xA228, 0x80C3, 0x90A2, 0xA8E3, 0xB924, 0xC944, 0xC903, 0xC903, 0xC124, 0xC144,
    0xB8E3, 0xB925, 0xC229, 0xC2EC, 0x7A08, 0x828A, 0x3166, 0x20C3, 0x2986, 0x0000, 0x2A28, 0xEFFF,
    0x2124, 0x0000, 0x0000, 0x0040, 0x0020, 0x0000, 0x0000, 0x0000, 0x0000, 0x0000, 0x0000, 0x0000,
    0x0000, 0x0000, 0x0000, 0x0000, 0x0000, 0x0000, 0x0000, 0x0000, 0x0000, 0x0000, 0x0000, 0x0000,
    0x0000, 0x0000, 0x0000, 0x0000, 0x0000, 0x0000, 0x0000, 0x0820, 0x0000, 0x0042, 0x39A7, 0xBB6D,
    0xDAAB, 0xC146, 0xB8E4, 0xB8C2, 0xC903, 0xC8E3, 0xD0E3, 0xB8E3, 0xB1A5, 0xC38D, 0xED95, 0xF595,
    0xC207, 0xC0E4, 0xD0E4, 0xC8C4, 0xB165, 0xBB8D, 0x5208, 0xA534, 0xFFFF, 0xFFFF, 0xFFFF, 0xFFFF,
    0xFFFF, 0xFFFF, 0xFFFF, 0xFFFF, 0xFFFF, 0xF7BD, 0x1923, 0x0000, 0x0020, 0x0000, 0x0061, 0xA576,
    0x8AEB, 0x80C3, 0xB8E4, 0xD0E4, 0xC8E3, 0xB0E3, 0xA185, 0xABAE, 0x1905, 0x0000, 0x0821, 0x0000,
    0xAD54, 0xFFFF, 0xFFFF, 0xFFFF, 0xFFFF, 0xFFFF, 0xFFFF, 0xFFFF, 0xFFFF, 0xFFFF, 0xFFFF, 0x4208,
    0x0000, 0x0821, 0x0000, 0xADB6, 0x8450, 0x2965, 0xF75D, 0x20E4, 0x0000, 0x0062, 0x0021, 0x1966,
    0xFFDF, 0xFFFF, 0xFFFF, 0xFFFF, 0xFFFF, 0xFFFF, 0xFFFF, 0xFFFF, 0xFFFF, 0xFFFF, 0xFFFF, 0xE7BE,
    0xB617, 0xE79E, 0xFFFF, 0xFFFF, 0xFFFF, 0xFFFF, 0xFFFF, 0xFFFF, 0xFFFF, 0xFFFF, 0xF7FF, 0xCE99,
    0x72AA, 0x7842, 0xC146, 0xD125, 0xD125, 0xC925, 0xC0E4, 0xD104, 0xC8E3, 0xC103, 0xC8E4, 0xD0C4,
    0xD0E4, 0xD0C4, 0xB8C3, 0xB1A5, 0xA32B, 0x39A7, 0x0001, 0xC639, 0x7C51, 0x0041, 0x8C51, 0x7AAA,
    0xBAAB, 0xC145, 0xB8C3, 0xD104, 0xC8E3, 0xB0E4, 0x99E7, 0x6A28, 0x9D14, 0xFFFF, 0xFFFF, 0xFFFF,
    0xFFFF, 0x8B0D, 0xA8A3, 0xC904, 0xC104, 0xB8E5, 0xA883, 0xA8A4, 0xC188, 0xC9E9, 0xC9E9, 0xC9E9,
    0xB946, 0xB905, 0xC0E4, 0xC904, 0xC904, 0xC0A3, 0xB8C3, 0xB944, 0xB165, 0xA164, 0x8924, 0x7904,
    0x81E7, 0x932D, 0x39A7, 0x39C6, 0x00A1, 0x0040, 0x0020, 0x0000, 0x0000, 0x0000, 0x4207, 0xEF5C,
    0x2944, 0x0000, 0x0020, 0x0000, 0x0000, 0x0000, 0x0000, 0x0000, 0x0000, 0x0000, 0x0000, 0x0000,
    0x0000, 0x0000, 0x0000, 0x0000, 0x0000, 0x0000, 0x0000, 0x0000, 0x0000, 0x0000, 0x0000, 0x0000,
    0x0000, 0x0000, 0x0000, 0x0000, 0x0000, 0x0000, 0x0000, 0x0000, 0x2945, 0x9AEC, 0xBA07, 0xB8E3,
    0xC0A2, 0xC8E3, 0xC903, 0xC903, 0xD0E3, 0xD0E3, 0xC8E3, 0xC124, 0xE34C, 0xF4F3, 0xE492, 0xBA28,
    0xC0E3, 0xC904, 0xC904, 0xB903, 0xAB2B, 0x39E8, 0x0020, 0x740E, 0xAD54, 0xA513, 0xA534, 0xA514,
    0xA514, 0xA534, 0xA534, 0xA534, 0xAD55, 0x9CD3, 0x18C3, 0x0000, 0x0000, 0x10C4, 0x6ACB, 0xAA08,
    0xA083, 0xC925, 0xC905, 0xC0C4, 0xB166, 0xB2EB, 0x6ACB, 0x1945, 0x0000, 0x0041, 0x0020, 0x0000,
    0x7B6D, 0xAD55, 0x9D55, 0xA535, 0xAD34, 0xA534, 0xA534, 0xA534, 0xA534, 0xA534, 0xA534, 0x2965,
    0x0000, 0x0020, 0x0000, 0xB5B6, 0x8471, 0x2945, 0xF7DF, 0x1145, 0x2165, 0x832D, 0x932D, 0x9C92,
    0x9514, 0xAD35, 0xA534, 0xA554, 0xA554, 0xAD35, 0xA514, 0xA514, 0xAD15, 0x9D15, 0xBDD7, 0x926A,
    0x78A4, 0x928A, 0x94D3, 0xA555, 0xA534, 0xA534, 0xA534, 0xAD55, 0x9D34, 0x8D34, 0xB5B6, 0x60E4,
    0x90A2, 0xC145, 0xD104, 0xC8E3, 0xB8E2, 0xB103, 0xB945, 0xC104, 0xD0E3, 0xD0E3, 0xC8E3, 0xD0E3,
    0xC8C4, 0xB945, 0xBAAB, 0x6249, 0x2145, 0x0000, 0x0000, 0xBE58, 0x84B2, 0xA40F, 0x99C6, 0xA082,
    0xC103, 0xC0E3, 0xC8E4, 0xB8A3, 0xB1A6, 0xB36D, 0x2124, 0x0000, 0x5B0B, 0xAD55, 0x9D35, 0xA535,
    0xB535, 0x7C10, 0x91E7, 0xB945, 0xC124, 0xC924, 0xD125, 0xC925, 0xB904, 0xB904, 0xB8E4, 0xB8E4,
    0xC104, 0xB103, 0xB165, 0xB9C7, 0xB9E8, 0xCACB, 0xBB2D, 0x79C7, 0x69A7, 0x59E7, 0x5B2C, 0x52EB,
    0x8CD3, 0x532D, 0x0000, 0x0000, 0x0800, 0x0820, 0x0020, 0x0020, 0x0040, 0x0000, 0x39E7, 0xF77E,
    0x2124, 0x0000, 0x0000, 0x0000, 0x0000, 0x0000, 0x0000, 0x0000, 0x0000, 0x0000, 0x0000, 0x0000,
    0x0000, 0x0000, 0x0000, 0x0000, 0x0000, 0x0000, 0x0000, 0x0000, 0x0000, 0x0000, 0x0000, 0x0000,
    0x0000, 0x0000, 0x0000, 0x0000, 0x0000, 0x0000, 0x0000, 0x2104, 0xABAE, 0xB945, 0xC8A2, 0xD103,
    0xC903, 0xC903, 0xD0E4, 0xD0E4, 0xD0E4, 0xD0E3, 0xD0E3, 0xC904, 0xB0E4, 0xA863, 0xB0A3, 0xC0E4,
    0xD0E4, 0xC903, 0xB8E3, 0xC268, 0x62CB, 0x0000, 0x0040, 0x0000, 0x0000, 0x0000, 0x0000, 0x0000,
    0x0000, 0x0000, 0x0000, 0x0000, 0x0000, 0x0000, 0x0000, 0x18C4, 0x6249, 0xAACA, 0xC207, 0xB944,
    0xD124, 0xC8A3, 0xB125, 0xAA2A, 0x932D, 0x4228, 0x0041, 0x0020, 0x0021, 0x0021, 0x0000, 0x0000,
    0x0000, 0x0000, 0x0000, 0x0000, 0x0000, 0x0000, 0x0000, 0x0000, 0x0000, 0x0000, 0x0000, 0x0000,
    0x0000, 0x0020, 0x0000, 0xB5D7, 0x8431, 0x1965, 0x9471, 0x92CC, 0xBAAB, 0xB186, 0xB125, 0xDBCF,
    0x4208, 0x0000, 0x0000, 0x0000, 0x0000, 0x0000, 0x0000, 0x0000, 0x0000, 0x41E8, 0xCAEB, 0xB8C4,
    0xC105, 0xB986, 0x8B4C, 0x0000, 0x0000, 0x0000, 0x0000, 0x0000, 0x0082, 0x7AEB, 0xB28A, 0xB985,
    0xC123, 0xC8E4, 0xB8A3, 0xB986, 0xA2A9, 0xAB8D, 0xBC30, 0xB2AA, 0xC0C4, 0xD0C3, 0xC902, 0xC8C3,
    0xD187, 0xA34D, 0x39C7, 0x0000, 0x0000, 0x0000, 0x08E3, 0x7B0B, 0xA269, 0xCA28, 0xB903, 0xC923,
    0xC8E3, 0xC0C3, 0xB104, 0xCAEB, 0x830C, 0x2945, 0x0000, 0x0820, 0x0000, 0x0000, 0x0000, 0x0000,
    0x0000, 0x0000, 0x2986, 0x930C, 0x6965, 0x7144, 0x7144, 0x6944, 0x71A6, 0x8A48, 0x9AAA, 0xA30C,
    0xB36D, 0x9B6D, 0x3185, 0x39A6, 0x39A6, 0x4A08, 0x39C7, 0x0020, 0x0020, 0x0020, 0x0040, 0x0020,
    0x0000, 0x0000, 0x0000, 0x0000, 0x0000, 0x0000, 0x0000, 0x0000, 0x0000, 0x0000, 0x3A08, 0xEF7D,
    0x2125, 0x0000, 0x0000, 0x0000, 0x0000, 0x0000, 0x0000, 0x0000, 0x0000, 0x0000, 0x0000, 0x0000,
    0x0000, 0x0000, 0x0000, 0x0000, 0x0000, 0x0000, 0x0000, 0x0000, 0x0000, 0x0000, 0x0000, 0x0000,
    0x0000, 0x0000, 0x0000, 0x0000, 0x0000, 0x0000, 0x0000, 0x2965, 0xC3AF, 0xB0E4, 0xD124, 0xC903,
    0xB904, 0xB0C3, 0xB8A4, 0xB8C4, 0xB104, 0xB903, 0xB8E3, 0xB105, 0xBA09, 0xD30C, 0xD28A, 0xC104,
    0xD0E4, 0xC8E4, 0xB124, 0xB3CE, 0x1083, 0x0020, 0x0020, 0x0800, 0x0020, 0x0020, 0x0020, 0x0000,
    0x0040, 0x0841, 0x0842, 0x0000, 0x0041, 0x2965, 0x6249, 0xB2CA, 0xB9A6, 0xC103, 0xC0C3, 0xC104,
    0xB0C3, 0xB9E7, 0xB3CE, 0x526A, 0x0000, 0x0000, 0x0000, 0x0021, 0x0800, 0x0020, 0x0800, 0x0000,
    0x0000, 0x0000, 0x0841, 0x0820, 0x0040, 0x0040, 0x0020, 0x0020, 0x0020, 0x0020, 0x0020, 0x0020,
    0x0000, 0x0020, 0x0000, 0x8CB3, 0x9CB3, 0x49C7, 0x80E4, 0xB906, 0xC0C4, 0xC0E3, 0xC0E3, 0xB965,
    0xAB6D, 0x0882, 0x0820, 0x0040, 0x0040, 0x0821, 0x0000, 0x0904, 0x8B6E, 0xBA8A, 0xB8C3, 0xC8E3,
    0xC0E3, 0xB905, 0xB38E, 0x0082, 0x0020, 0x0000, 0x08A2, 0x5A69, 0xAB0C, 0xB9C7, 0xB104, 0xC103,
    0xB8E3, 0xB104, 0xCACB, 0x6A6A, 0x2145, 0x0062, 0x0041, 0x4A49, 0xBA28, 0xC0E3, 0xD0E2, 0xC8C3,
    0xC966, 0x9B2D, 0x1904, 0x29A6, 0x2125, 0x5208, 0xB2EC, 0xB945, 0xB8A3, 0xC0C3, 0xC904, 0xC0C3,
    0xB904, 0xBA28, 0x9AEB, 0x528A, 0x0042, 0x0000, 0x0000, 0x0000, 0x0000, 0x0020, 0x0000, 0x0000,
    0x0000, 0x0021, 0x0000, 0x0041, 0x0061, 0x0082, 0x0082, 0x0082, 0x0062, 0x0062, 0x0041, 0x0061,
    0x0061, 0x0041, 0x0020, 0x0000, 0x0000, 0x0000, 0x0000, 0x0000, 0x0000, 0x0000, 0x0000, 0x0000,
    0x0000, 0x0000, 0x0000, 0x0000, 0x0000, 0x0000, 0x0000, 0x0000, 0x0000, 0x0000, 0x39E7, 0xEF7D,
    0x2124, 0x0000, 0x0000, 0x0000, 0x0000, 0x0000, 0x0000, 0x0000, 0x0000, 0x0000, 0x0000, 0x0000,
    0x0000, 0x0000, 0x0000, 0x0000, 0x0000, 0x0000, 0x0000, 0x0000, 0x0000, 0x0000, 0x0000, 0x0000,
    0x0000, 0x0000, 0x0000, 0x0000, 0x0000, 0x0000, 0x0000, 0x0020, 0x39C7, 0x9249, 0x7925, 0x89A7,
    0x9A8A, 0xAB2C, 0xB34D, 0xB38E, 0xBBCF, 0xBC0F, 0xB3EF, 0xA38E, 0x51E8, 0x6B4D, 0xC3CE, 0xB8E4,
    0xD104, 0xB8C3, 0xBAA9, 0x62CB, 0x0000, 0x0020, 0x0000, 0x0800, 0x0040, 0x0020, 0x0000, 0x0800,
    0x0000, 0x0000, 0x0000, 0x29A6, 0xA3AF, 0xCB2D, 0xC1C6, 0xC0E2, 0xC8E2, 0xC8C3, 0xB8A4, 0xA9A9,
    0xDC12, 0xF595, 0x8B0C, 0x5966, 0x93AE, 0x2987, 0x0000, 0x0820, 0x0000, 0x0000, 0x0000, 0x20E5,
    0x2146, 0x1103, 0x0000, 0x0020, 0x0020, 0x0000, 0x0000, 0x0020, 0x0020, 0x0020, 0x0820, 0x0800,
    0x0000, 0x0041, 0x1985, 0x38C3, 0x9A06, 0xB9E7, 0xC924, 0xD0E4, 0xD0C3, 0xD0E3, 0xC903, 0xC0E3,
    0xB1E8, 0x3186, 0x0000, 0x0040, 0x0000, 0x0000, 0x528A, 0xA2EB, 0xC9E8, 0xB8C4, 0xC903, 0xC123,
    0xC8E3, 0xC105, 0xAB2C, 0x0021, 0x0001, 0x2145, 0xA3AE, 0xCACB, 0xB905, 0xC0E4, 0xC0E4, 0xB0A4,
    0xB9C8, 0xAB6D, 0x5269, 0x0042, 0x0000, 0x0040, 0x0040, 0x0082, 0x8AEB, 0xB905, 0xD0C3, 0xD0E3,
    0xC0E3, 0xC966, 0xDB2D, 0xDBD0, 0xD2ED, 0xC1E8, 0xC104, 0xC8E3, 0xD0E3, 0xC8E4, 0xC0E4, 0xC167,
    0xA2CB, 0x4A28, 0x0082, 0x0000, 0x0800, 0x0000, 0x0000, 0x0020, 0x0000, 0x0000, 0x0000, 0x0000,
    0x0000, 0x0000, 0x0000, 0x0020, 0x0020, 0x0000, 0x0000, 0x0000, 0x0000, 0x0000, 0x0800, 0x0800,
    0x0800, 0x0000, 0x0000, 0x0020, 0x0020, 0x0000, 0x0000, 0x0000, 0x0000, 0x0000, 0x0000, 0x0000,
    0x0000, 0x0000, 0x0000, 0x0000, 0x0000, 0x0000, 0x0000, 0x0000, 0x0000, 0x0000, 0x39E7, 0xEF7D,
    0x2124, 0x0000, 0x0000, 0x0000, 0x0000, 0x0000, 0x0000, 0x0000, 0x0000, 0x0000, 0x0000, 0x0000,
    0x0000, 0x0000, 0x0000, 0x0000, 0x0000, 0x0000, 0x0000, 0x0000, 0x0000, 0x0000, 0x0000, 0x0000,
    0x0000, 0x0000, 0x0000, 0x0000, 0x0000, 0x0000, 0x0000, 0x0000, 0x0000, 0x0062, 0x00A2, 0x00A2,
    0x0082, 0x08A2, 0x08A3, 0x0883, 0x0882, 0x0862, 0x0862, 0x0882, 0x0000, 0x31A7, 0xB208, 0xC0C4,
    0xC8E4, 0xB945, 0xAB8D, 0x1083, 0x0020, 0x0040, 0x0020, 0x0000, 0x0020, 0x0020, 0x0000, 0x0000,
    0x10C4, 0x7B6D, 0x7269, 0xA24A, 0xD166, 0xC0A2, 0xB903, 0xB8E3, 0xB0E3, 0xBA08, 0xD3EF, 0xECB4,
    0xDB4F, 0xA987, 0xB985, 0xC944, 0xD228, 0x830C, 0x0021, 0x0000, 0x1945, 0x834D, 0x7A8A, 0xC40F,
    0xC38D, 0xB38E, 0x6AAA, 0x0000, 0x0000, 0x0000, 0x0000, 0x0020, 0x0020, 0x0000, 0x0000, 0x0041,
    0x39C7, 0x9B4D, 0xC2EB, 0xA925, 0xC104, 0xC8E3, 0xC904, 0xB8C2, 0xC103, 0xD0C2, 0xC8E2, 0xC8C3,
    0xB186, 0x2124, 0x0000, 0x0000, 0x0862, 0x5A69, 0xCB8D, 0xB924, 0xC8A4, 0xD0E4, 0xC8E3, 0xC0E2,
    0xC8E3, 0xC145, 0xB3EF, 0x00C3, 0x5249, 0xC34C, 0xB124, 0xC0C3, 0xC904, 0xC0C4, 0xB904, 0xC28B,
    0x7AEB, 0x2945, 0x0000, 0x0800, 0x0020, 0x0020, 0x0841, 0x0000, 0x4228, 0xC28A, 0xC0C4, 0xC8E3,
    0xC903, 0xC8C3, 0xC8A3, 0xC083, 0xC884, 0xC8C4, 0xB903, 0xC143, 0xB923, 0xC1C6, 0x89A6, 0x7ACB,
    0x2966, 0x0000, 0x0800, 0x1020, 0x0800, 0x0000, 0x0000, 0x0000, 0x0000, 0x0000, 0x0000, 0x0000,
    0x0000, 0x0000, 0x0000, 0x0000, 0x0021, 0x0020, 0x0000, 0x0000, 0x0000, 0x0020, 0x0020, 0x0000,
    0x0020, 0x0000, 0x0000, 0x0000, 0x0000, 0x0000, 0x0000, 0x0000, 0x0000, 0x0000, 0x0000, 0x0000,
    0x0000, 0x0000, 0x0000, 0x0000, 0x0000, 0x0000, 0x0000, 0x0000, 0x0000, 0x0000, 0x39E7, 0xEF7D,
    0x2124, 0x0000, 0x0000, 0x0000, 0x0000, 0x0000, 0x0000, 0x0000, 0x0000, 0x0000, 0x0000, 0x0000,
    0x0000, 0x0000, 0x0000, 0x0000, 0x0000, 0x0000, 0x0000, 0x0000, 0x0000, 0x0000, 0x0000, 0x0000,
    0x0000, 0x0000, 0x0000, 0x0000, 0x0000, 0x0000, 0x0000, 0x0020, 0x0000, 0x0000, 0x0000, 0x0000,
    0x0000, 0x0000, 0x0000, 0x0000, 0x0000, 0x0000, 0x0000, 0x0000, 0x08A3, 0xAB2C, 0xC145, 0xD0C3,
    0xC904, 0x9124, 0x41C7, 0x0000, 0x0020, 0x0020, 0x0020, 0x0040, 0x0000, 0x0000, 0x10C4, 0x730C,
    0xC3EE, 0xD2EB, 0xC966, 0xC0E4, 0xC0E2, 0xB8E3, 0xB145, 0xB229, 0xB3CF, 0xBCB2, 0xDC0F, 0xB985,
    0xB882, 0xC8C4, 0xB903, 0xC8C3, 0xB884, 0xBB2E, 0x0082, 0x4A08, 0xC3AE, 0xC249, 0xB9A6, 0xA8E3,
    0xB082, 0xB0E3, 0xC32B, 0x7B4D, 0x0021, 0x0820, 0x0000, 0x0000, 0x0000, 0x1082, 0x39C7, 0x932C,
    0xCAAA, 0xC966, 0xB8C2, 0xD104, 0xC8A4, 0xB8E5, 0x9944, 0xCBAC, 0xBA47, 0xC8E3, 0xD0E3, 0xC8A3,
    0xBA69, 0x2126, 0x0042, 0x1945, 0x9B0C, 0xC229, 0xB8E3, 0xC8E3, 0xD0C4, 0xC8C3, 0xC8E3, 0xC903,
    0xC103, 0xB965, 0xD471, 0xA32C, 0xBA08, 0xB8A3, 0xC8E3, 0xC903, 0xB0C3, 0xB9E7, 0xA2EC, 0x5A8A,
    0x0000, 0x0000, 0x0800, 0x0000, 0x0000, 0x0000, 0x0800, 0x0000, 0x00C2, 0x5A08, 0xA125, 0xC8C4,
    0xC903, 0xC903, 0xC903, 0xC903, 0xD104, 0xC8C3, 0xC0E4, 0xA8E3, 0xAA28, 0x6A89, 0xCEBB, 0x634E,
    0x0000, 0x0040, 0x0000, 0x0000, 0x0000, 0x0000, 0x0000, 0x0000, 0x0000, 0x0000, 0x0000, 0x0000,
    0x0000, 0x0000, 0x0000, 0x0000, 0x0000, 0x0000, 0x0000, 0x0000, 0x0000, 0x0000, 0x0020, 0x0000,
    0x0020, 0x0000, 0x0000, 0x0000, 0x0000, 0x0000, 0x0000, 0x0000, 0x0000, 0x0000, 0x0000, 0x0000,
    0x0000, 0x0000, 0x0000, 0x0000, 0x0000, 0x0000, 0x0000, 0x0000, 0x0000, 0x0000, 0x39E7, 0xEF7D,
    0x2124, 0x0000, 0x0000, 0x0000, 0x0000, 0x0000, 0x0000, 0x0000, 0x0000, 0x0000, 0x0000, 0x0000,
    0x0000, 0x0000, 0x0000, 0x0000, 0x0000, 0x0000, 0x0000, 0x0000, 0x0000, 0x0000, 0x0000, 0x0000,
    0x0000, 0x0000, 0x0000, 0x0000, 0x0000, 0x0000, 0x0000, 0x0000, 0x0000, 0x0000, 0x0000, 0x0000,
    0x0020, 0x0000, 0x0000, 0x0001, 0x0020, 0x0020, 0x0820, 0x0000, 0x4208, 0xC248, 0xB8C2, 0xC903,
    0xB8E3, 0x7A28, 0x2166, 0x0020, 0x0020, 0x0800, 0x0000, 0x0020, 0x4A49, 0x7B0C, 0xBB6D, 0xCA08,
    0xB8E3, 0xC0A3, 0xC0C3, 0xB8C3, 0xB945, 0xCACB, 0xB32D, 0x736E, 0xBC92, 0xB209, 0xB0A3, 0xB902,
    0xC123, 0xC903, 0xB0E2, 0xC144, 0xB229, 0x6A8B, 0x1945, 0xC32C, 0xB0C3, 0xB0C2, 0xA124, 0xCAEC,
    0xDA6A, 0xB8C3, 0xB143, 0xA38C, 0x0000, 0x0000, 0x0042, 0x1104, 0x730C, 0xCC91, 0xB2CA, 0xB185,
    0xB8C3, 0xC8E3, 0xC0E2, 0xB0E3, 0xB1A7, 0xA24A, 0x72AA, 0x634D, 0xB2EB, 0xC0E3, 0xD0E4, 0xC0A4,
    0xE3CF, 0x9430, 0xABAE, 0xBA4A, 0xB125, 0xC0C4, 0xD0E4, 0xC8E4, 0xC124, 0xC9A6, 0xC8A3, 0xD0E3,
    0xC103, 0xC124, 0xC986, 0xC104, 0xC0C3, 0xD104, 0xC8C3, 0xB924, 0xAA89, 0x7AEB, 0x2124, 0x0000,
    0x0000, 0x0000, 0x0000, 0x0000, 0x0000, 0x0000, 0x0000, 0x0020, 0x0020, 0x0041, 0x92CC, 0xC9A8,
    0xB8A3, 0xC8C3, 0xC8C3, 0xC104, 0xB8E2, 0xB985, 0xB249, 0x92AB, 0x6B6D, 0x0020, 0xCEBA, 0x7BCF,
    0x0000, 0x0021, 0x0000, 0x0000, 0x0000, 0x0000, 0x0000, 0x0800, 0x0000, 0x0000, 0x0000, 0x0000,
    0x0000, 0x0000, 0x0000, 0x0000, 0x0000, 0x0000, 0x0000, 0x0000, 0x0000, 0x0000, 0x0000, 0x0000,
    0x0000, 0x0000, 0x0000, 0x0000, 0x0000, 0x0000, 0x0000, 0x0000, 0x0000, 0x0000, 0x0000, 0x0000,
    0x0000, 0x0000, 0x0000, 0x0000, 0x0000, 0x0000, 0x0000, 0x0000, 0x0000, 0x0000, 0x39E7, 0xEF7D,
    0x2124, 0x0000, 0x0000, 0x0000, 0x0000, 0x0000, 0x0000, 0x0000, 0x0000, 0x0000, 0x0000, 0x0000,
    0x0000, 0x0000, 0x0000, 0x0000, 0x0000, 0x0000, 0x0000, 0x0000, 0x0000, 0x0000, 0x0000, 0x0000,
    0x0000, 0x0000, 0x0000, 0x0000, 0x0000, 0x0000, 0x0000, 0x0000, 0x0000, 0x0000, 0x0000, 0x0000,
    0x0000, 0x0000, 0x0000, 0x0001, 0x0800, 0x0000, 0x0800, 0x0883, 0xA30B, 0xC0E4, 0xC8C3, 0xC945,
    0x90C3, 0x8B8E, 0x4ACB, 0x0000, 0x0000, 0x0863, 0x10E4, 0x5A49, 0xC38D, 0xC249, 0xB8C4, 0xC884,
    0xD0C4, 0xB8C3, 0xB185, 0xBAA9, 0x92CC, 0x72EC, 0x5AEB, 0x92CB, 0xC166, 0xC8A4, 0xD0E4, 0xC104,
    0xB103, 0xA123, 0xBB2B, 0x92EB, 0x6AAB, 0x0000, 0x732C, 0xB1E7, 0xC0E3, 0xB103, 0xE450, 0xF576,
    0xCA09, 0xC8A3, 0xC8E3, 0xBACB, 0x3249, 0x6249, 0x9B0C, 0xC36D, 0xCA6A, 0xC105, 0xC8A4, 0xC8E4,
    0xC0E4, 0xB0E3, 0xB1E6, 0x9268, 0x732C, 0x3A69, 0xDF5C, 0x1986, 0xA2AA, 0xC0E4, 0xC8E4, 0xC8E4,
    0xC9E8, 0xCAEA, 0xB945, 0xC0A4, 0xC8E5, 0xC104, 0xB8C4, 0xB946, 0x9269, 0x92EB, 0xC946, 0xD884,
    0xD0C4, 0xC8E4, 0xC0E3, 0xC904, 0xC8C4, 0xB8C4, 0xB987, 0x9AEB, 0x5A69, 0x0000, 0x0000, 0x0800,
    0x0000, 0x0000, 0x0000, 0x0000, 0x0800, 0x0000, 0x0020, 0x0020, 0x0000, 0x0000, 0x3186, 0x934D,
    0xB2CA, 0xB1A6, 0xB987, 0x9166, 0xA2CA, 0x728A, 0x4A28, 0xB638, 0x84B1, 0x0000, 0xCEBA, 0x73CF,
    0x0000, 0x0801, 0x0801, 0x0800, 0x0000, 0x0000, 0x0000, 0x0000, 0x0000, 0x0000, 0x0000, 0x0000,
    0x0000, 0x0000, 0x0000, 0x0000, 0x0000, 0x0000, 0x0000, 0x0000, 0x0000, 0x0000, 0x0000, 0x0000,
    0x0000, 0x0000, 0x0000, 0x0000, 0x0000, 0x0000, 0x0000, 0x0000, 0x0000, 0x0000, 0x0000, 0x0000,
    0x0000, 0x0000, 0x0000, 0x0000, 0x0000, 0x0000, 0x0000, 0x0000, 0x0000, 0x0000, 0x39E7, 0xEF7D,
    0x2124, 0x0000, 0x0000, 0x0000, 0x0000, 0x0000, 0x0000, 0x0000, 0x0000, 0x0000, 0x0000, 0x0000,
    0x0000, 0x0000, 0x0000, 0x0000, 0x0000, 0x0000, 0x0000, 0x0000, 0x0000, 0x0000, 0x0000, 0x0000,
    0x0000, 0x0000, 0x0000, 0x0000, 0x0000, 0x0000, 0x0000, 0x0800, 0x0000, 0x0020, 0x0000, 0x0000,
    0x0000, 0x0000, 0x0000, 0x0000, 0x0000, 0x0800, 0x0000, 0x4A49, 0xC249, 0xC0A3, 0xD0E4, 0xB104,
    0xB34D, 0xE7DF, 0x3A69, 0x0020, 0x630C, 0xCC91, 0xA208, 0xB9A7, 0xB8A3, 0xB8E3, 0xB904, 0xB904,
    0xB9A6, 0xBAAA, 0x8AEB, 0x39C7, 0x0020, 0x4A28, 0xE4D2, 0xC185, 0xC8C3, 0xD0E3, 0xC8E4, 0xB8C4,
    0xB9E8, 0xBC10, 0x39C7, 0x0000, 0x0000, 0x10C4, 0xB40F, 0xB164, 0xC0C3, 0xC904, 0xD289, 0xB185,
    0xB8E4, 0xD8C4, 0xD0A3, 0xD9E7, 0xBA4A, 0xCA08, 0xC125, 0xB8E4, 0xC0C3, 0xD8C4, 0xD084, 0xC0C4,
    0xB9E8, 0xAAEB, 0x830B, 0xD6BA, 0x7431, 0x2165, 0xEF7D, 0x31C7, 0xAB2C, 0xB8E5, 0xD0E4, 0xD0E4,
    0xC8E3, 0xB8C2, 0xC904, 0xC8E4, 0xC0C4, 0xB986, 0xBACB, 0xABAE, 0x08A3, 0x4A4A, 0xD32C, 0xB883,
    0xC904, 0xC8E3, 0xC8E3, 0xB8E3, 0xB965, 0xB28A, 0x7AEB, 0x10E3, 0x0000, 0x0020, 0x0020, 0x0000,
    0x0000, 0x0000, 0x0000, 0x0000, 0x0000, 0x0000, 0x0000, 0x0020, 0x0021, 0x0820, 0x0000, 0x0020,
    0x31C7, 0x8BEF, 0x7B2D, 0x08A2, 0x1924, 0x0001, 0x0000, 0xC639, 0x8430, 0x0000, 0xCE79, 0x7BCF,
    0x0000, 0x0020, 0x0000, 0x0000, 0x0000, 0x0000, 0x0000, 0x0000, 0x0000, 0x0000, 0x0000, 0x0000,
    0x0000, 0x0000, 0x0000, 0x0000, 0x0000, 0x0000, 0x0000, 0x0000, 0x0000, 0x0000, 0x0000, 0x0000,
    0x0000, 0x0000, 0x0000, 0x0000, 0x0000, 0x0000, 0x0000, 0x0000, 0x0000, 0x0000, 0x0000, 0x0000,
    0x0000, 0x0000, 0x0000, 0x0000, 0x0000, 0x0000, 0x0000, 0x0000, 0x0000, 0x0000, 0x39E7, 0xEF7D,
    0x2124, 0x0000, 0x0000, 0x0000, 0x0000, 0x0000, 0x0000, 0x0000, 0x0000, 0x0000, 0x0000, 0x0000,
    0x0000, 0x0000, 0x0000, 0x0000, 0x0000, 0x0000, 0x0000, 0x0000, 0x0000, 0x0000, 0x0000, 0x0000,
    0x0000, 0x0000, 0x0000, 0x0000, 0x0000, 0x0000, 0x0000, 0x0000, 0x0000, 0x0020, 0x0021, 0x0000,
    0x0000, 0x0000, 0x0000, 0x0020, 0x0020, 0x0000, 0x0882, 0xAB4D, 0xB946, 0xC105, 0xC0E4, 0xA208,
    0x6B0C, 0xBD96, 0x8BAE, 0x8A89, 0xBA88, 0xB924, 0xC8C4, 0xC8C4, 0xC0C3, 0xB8E3, 0xB9C6, 0x9268,
    0x830B, 0x39C7, 0x0020, 0x0000, 0x10A2, 0xBBF0, 0xB986, 0xC0C2, 0xD0E2, 0xC8E3, 0xA8E4, 0xC2AB,
    0x7ACB, 0x0881, 0x0000, 0x4227, 0x6289, 0xBB8D, 0xCA48, 0xC0E3, 0xD0E3, 0xD0C3, 0xC8A2, 0xC102,
    0xC923, 0xC8E2, 0xC8E3, 0xC8C2, 0xC8A3, 0xD0A3, 0xC8A3, 0xC0E3, 0xB0E3, 0xB924, 0xB9E7, 0xAACB,
    0x6A8A, 0x1924, 0x0000, 0xB596, 0x8C71, 0x2165, 0xEF5D, 0x2166, 0x934D, 0xA105, 0xC0C3, 0xD0E3,
    0xC8C3, 0xC0E3, 0xB0E3, 0xA945, 0xAA29, 0x8B0B, 0x62CB, 0x10A2, 0x0000, 0x10A3, 0x934D, 0xA9E8,
    0xA965, 0xC125, 0xC946, 0xAA29, 0x82EB, 0x5AAA, 0x0000, 0x0000, 0x0040, 0x0020, 0x0000, 0x0000,
    0x0000, 0x0000, 0x0000, 0x0000, 0x0000, 0x0000, 0x0000, 0x0000, 0x0000, 0x0000, 0x0020, 0x0000,
    0x0000, 0x0000, 0x0000, 0x0000, 0x0000, 0x0020, 0x0000, 0xCE39, 0x8C51, 0x0000, 0xD67A, 0x7BAE,
    0x0000, 0x0020, 0x0000, 0x0000, 0x0000, 0x0000, 0x0000, 0x0000, 0x0000, 0x0000, 0x0000, 0x0000,
    0x0000, 0x0000, 0x0000, 0x0000, 0x0000, 0x0000, 0x0000, 0x0000, 0x0000, 0x0000, 0x0000, 0x0000,
    0x0000, 0x0000, 0x0000, 0x0000, 0x0000, 0x0000, 0x0000, 0x0000, 0x0000, 0x0000, 0x0000, 0x0000,
    0x0000, 0x0000, 0x0000, 0x0000, 0x0000, 0x0000, 0x0000, 0x0000, 0x0000, 0x0000, 0x39E7, 0xEF7D,
    0x2124, 0x0000, 0x0000, 0x0000, 0x0000, 0x0000, 0x0000, 0x0000, 0x0000, 0x0000, 0x0000, 0x0000,
    0x0000, 0x0000, 0x0000, 0x0000, 0x0000, 0x0000, 0x0000, 0x0000, 0x0000, 0x0000, 0x0000, 0x0000,
    0x0000, 0x0000, 0x0020, 0x0000, 0x0800, 0x0000, 0x0000, 0x0000, 0x0000, 0x0000, 0x0000, 0x0000,
    0x0000, 0x0000, 0x0000, 0x0020, 0x0840, 0x0000, 0x4A49, 0xC28A, 0xB8E3, 0xD104, 0xC105, 0xEC72,
    0xCC71, 0x7882, 0xB985, 0xC944, 0xC0C3, 0xC104, 0xB8E4, 0xB945, 0xBA69, 0xB32C, 0x6269, 0x10E4,
    0x0000, 0x0000, 0x0020, 0x0000, 0x938E, 0xB9E8, 0xB8C3, 0xD103, 0xD0E3, 0xC0E3, 0xC2AB, 0x732D,
    0x1103, 0x4207, 0x934D, 0xC2EC, 0xC1E7, 0xB8E3, 0xC0C2, 0xC903, 0xC8E3, 0xC8E4, 0xC8E4, 0xD0E3,
    0xD0E3, 0xC8C2, 0xD103, 0xC904, 0xC0C3, 0xC0E4, 0xC166, 0xC1E8, 0xC2EB, 0x8AEB, 0x72CB, 0x18E4,
    0x0000, 0x0000, 0x0000, 0xB5B6, 0x8450, 0x2924, 0xF75D, 0x08A3, 0x41E8, 0xCC51, 0xB1E7, 0xB986,
    0xB9E7, 0xB228, 0xCB8E, 0x934D, 0x2145, 0x0020, 0x0000, 0x0000, 0x0000, 0x0000, 0x0882, 0x41C7,
    0x6A09, 0x6987, 0x7A6A, 0x2145, 0x0040, 0x0000, 0x0020, 0x0000, 0x0000, 0x0000, 0x0000, 0x0000,
    0x0000, 0x0000, 0x0000, 0x0000, 0x0000, 0x0000, 0x0000, 0x0000, 0x0000, 0x0000, 0x0000, 0x0000,
    0x0000, 0x0000, 0x0000, 0x0000, 0x0000, 0x0000, 0x0000, 0xCE59, 0x8C51, 0x0000, 0xD69A, 0x7BCF,
    0x0000, 0x0000, 0x0000, 0x0000, 0x0000, 0x0000, 0x0000, 0x0000, 0x0000, 0x0000, 0x0000, 0x0000,
    0x0000, 0x0000, 0x0000, 0x0000, 0x0000, 0x0000, 0x0000, 0x0000, 0x0000, 0x0000, 0x0000, 0x0000,
    0x0000, 0x0000, 0x0000, 0x0000, 0x0000, 0x0000, 0x0000, 0x0000, 0x0000, 0x0000, 0x0000, 0x0000,
    0x0000, 0x0000, 0x0000, 0x0000, 0x0000, 0x0000, 0x0000, 0x0000, 0x0000, 0x0000, 0x39E7, 0xEF7D,
    0x2124, 0x0000, 0x0000, 0x0000, 0x0000, 0x0000, 0x0000, 0x0000, 0x0000, 0x0000, 0x0000, 0x0000,
    0x0000, 0x0000, 0x0000, 0x0000, 0x0000, 0x0000, 0x0000, 0x0000, 0x0000, 0x0000, 0x0000, 0x0000,
    0x0000, 0x0000, 0x0000, 0x0000, 0x0000, 0x0001, 0x0000, 0x0000, 0x0000, 0x0800, 0x0800, 0x0000,
    0x0000, 0x0000, 0x0020, 0x0020, 0x0000, 0x0041, 0xABCF, 0xB145, 0xC103, 0xC103, 0xC944, 0xD207,
    0xC166, 0xC125, 0xC0E4, 0xB8C3, 0xB904, 0xA986, 0xAAA9, 0x7A8A, 0x31C7, 0x1904, 0x0000, 0x0000,
    0x0020, 0x0820, 0x0000, 0x5269, 0xBA89, 0xB0C3, 0xC924, 0xC8E4, 0xD0C4, 0xC104, 0xE430, 0xA38D,
    0xAAAA, 0xDACB, 0xB945, 0xB0A3, 0xC0E4, 0xC104, 0xC0E4, 0xC0E4, 0xB905, 0xB166, 0xA925, 0xB925,
    0xC125, 0xC125, 0xB945, 0xA925, 0xBA29, 0x928A, 0x934C, 0x6ACB, 0x3166, 0x0062, 0x0000, 0x0000,
    0x0001, 0x0821, 0x0000, 0xB5B6, 0x8451, 0x2924, 0xEF3D, 0x20C4, 0x0020, 0x3166, 0x5249, 0x93AD,
    0xA430, 0x4A49, 0x41C7, 0x1104, 0x0000, 0x0821, 0x0020, 0x0000, 0x0000, 0x0000, 0x0000, 0x0000,
    0x0001, 0x0021, 0x0001, 0x0000, 0x0020, 0x0020, 0x0000, 0x0000, 0x0000, 0x0000, 0x0000, 0x0000,
    0x0000, 0x0000, 0x0000, 0x0000, 0x0000, 0x0000, 0x0000, 0x0000, 0x0000, 0x0000, 0x0000, 0x0000,
    0x0000, 0x0000, 0x0000, 0x0000, 0x0000, 0x0000, 0x0000, 0xCE59, 0x8C51, 0x0000, 0xCE79, 0x7BCF,
    0x0000, 0x0000, 0x0000, 0x0000, 0x0000, 0x0000, 0x0000, 0x0000, 0x0000, 0x0000, 0x0000, 0x0000,
    0x0000, 0x0000, 0x0000, 0x0000, 0x0000, 0x0000, 0x0000, 0x0000, 0x0000, 0x0000, 0x0000, 0x0000,
    0x0000, 0x0000, 0x0000, 0x0000, 0x0000, 0x0000, 0x0000, 0x0000, 0x0000, 0x0000, 0x0000, 0x0000,
    0x0000, 0x0000, 0x0000, 0x0000, 0x0000, 0x0000, 0x0000, 0x0000, 0x0000, 0x0000, 0x39E7, 0xEF7D,
    0x2124, 0x0000, 0x0000, 0x0000, 0x0000, 0x0000, 0x0000, 0x0000, 0x0000, 0x0000, 0x0000, 0x0000,
    0x0000, 0x0000, 0x0000, 0x0000, 0x0000, 0x0000, 0x0000, 0x0000, 0x0000, 0x0000, 0x0000, 0x0000,
    0x0000, 0x0000, 0x0800, 0x0000, 0x0000, 0x0000, 0x0000, 0x0000, 0x0000, 0x0020, 0x0040, 0x0020,
    0x0000, 0x0000, 0x0000, 0x0000, 0x00C3, 0xA430, 0xBA69, 0xB8E3, 0xC903, 0xD0C2, 0xD0C2, 0xC8C3,
    0xC0E4, 0xC104, 0xB124, 0xBA49, 0x9A8A, 0x82EB, 0x3186, 0x0041, 0x0000, 0x0000, 0x0800, 0x0800,
    0x0000, 0x0800, 0x0001, 0xABAF, 0xC185, 0xC8E2, 0xC904, 0xD0E4, 0xD8A4, 0xD0C5, 0xB0E3, 0xC144,
    0xC8E3, 0xC882, 0xD0E3, 0xD104, 0xC8C4, 0xC105, 0xB9A7, 0x9A49, 0x930C, 0x3145, 0x936E, 0xABAF,
    0x9B0C, 0x8A6A, 0x92EB, 0x3986, 0x3966, 0x1904, 0x0000, 0x0000, 0x0000, 0x0000, 0x0000, 0x0001,
    0x0000, 0x0021, 0x0000, 0xB5B6, 0x8471, 0x2944, 0xF75D, 0x28E4, 0x0000, 0x0000, 0x0000, 0x0000,
    0x0000, 0x0000, 0x0000, 0x0000, 0x0021, 0x0020, 0x0020, 0x0000, 0x0000, 0x0000, 0x0800, 0x0800,
    0x0800, 0x0820, 0x0020, 0x0000, 0x0020, 0x0000, 0x0000, 0x0000, 0x0000, 0x0000, 0x0000, 0x0000,
    0x0000, 0x0000, 0x0000, 0x0000, 0x0000, 0x0000, 0x0000, 0x0000, 0x0000, 0x0000, 0x0000, 0x0000,
    0x0000, 0x0000, 0x0000, 0x0000, 0x0000, 0x0000, 0x0000, 0xCE59, 0x8C51, 0x0000, 0xCE79, 0x7BCF,
    0x0000, 0x0000, 0x0000, 0x0000, 0x0000, 0x0000, 0x0000, 0x0000, 0x0000, 0x0000, 0x0000, 0x0000,
    0x0000, 0x0000, 0x0000, 0x0000, 0x0000, 0x0000, 0x0000, 0x0000, 0x0000, 0x0000, 0x0000, 0x0000,
    0x0000, 0x0000, 0x0000, 0x0000, 0x0000, 0x0000, 0x0000, 0x0000, 0x0000, 0x0000, 0x0000, 0x0000,
    0x0000, 0x0000, 0x0000, 0x0000, 0x0000, 0x0000, 0x0000, 0x0000, 0x0000, 0x0000, 0x39E7, 0xEF7D,
    0x2124, 0x0000, 0x0000, 0x0000, 0x0000, 0x0000, 0x0000, 0x0000, 0x0000, 0x0000, 0x0000, 0x0000,
    0x0000, 0x0000, 0x0000, 0x0000, 0x0000, 0x0000, 0x0000, 0x0000, 0x0000, 0x0000, 0x0000, 0x0000,
    0x0000, 0x0000, 0x0800, 0x0000, 0x0020, 0x0000, 0x0000, 0x0001, 0x0001, 0x0000, 0x0000, 0x0000,
    0x0000, 0x0000, 0x2945, 0x8B6D, 0xA2CB, 0xCA09, 0xC0C3, 0xD8E4, 0xD0E3, 0xD0C3, 0xC883, 0xB904,
    0xA144, 0x8164, 0xA3AE, 0x628A, 0x10C3, 0x0000, 0x0000, 0x0020, 0x0040, 0x0040, 0x0800, 0x0800,
    0x0020, 0x0000, 0x10C4, 0x9A2A, 0xC924, 0xD103, 0xD0E3, 0xD0E4, 0xD0C4, 0xD0C3, 0xC903, 0xC103,
    0xC903, 0xB8C3, 0xC0E4, 0xB945, 0xBA08, 0x9A8A, 0x6AAA, 0x1904, 0x0021, 0x0000, 0x0000, 0x0020,
    0x0020, 0x0021, 0x0020, 0x0000, 0x0000, 0x0000, 0x0020, 0x0020, 0x0020, 0x0000, 0x0000, 0x0000,
    0x0000, 0x0021, 0x0000, 0xB5B6, 0x8C71, 0x2964, 0xF77D, 0x2904, 0x0000, 0x0820, 0x0020, 0x0020,
    0x0020, 0x0020, 0x0000, 0x0820, 0x0000, 0x0000, 0x0000, 0x0000, 0x0000, 0x0000, 0x0000, 0x0020,
    0x0020, 0x0040, 0x0040, 0x0000, 0x0000, 0x0000, 0x0000, 0x0000, 0x0000, 0x0000, 0x0000, 0x0000,
    0x0000, 0x0000, 0x0000, 0x0000, 0x0000, 0x0000, 0x0000, 0x0000, 0x0000, 0x0000, 0x0000, 0x0000,
    0x0000, 0x0000, 0x0000, 0x0000, 0x0000, 0x0000, 0x0000, 0xCE59, 0x8C51, 0x0000, 0xCE79, 0x73AE,
    0x0000, 0x0000, 0x0000, 0x0000, 0x0000, 0x0000, 0x0000, 0x0000, 0x0000, 0x0000, 0x0000, 0x0000,
    0x0000, 0x0000, 0x0000, 0x0000, 0x0000, 0x0000, 0x0000, 0x0000, 0x0000, 0x0000, 0x0000, 0x0000,
    0x0000, 0x0000, 0x0000, 0x0000, 0x0000, 0x0000, 0x0000, 0x0000, 0x0000, 0x0000, 0x0000, 0x0000,
    0x0000, 0x0000, 0x0000, 0x0000, 0x0000, 0x0000, 0x0000, 0x0000, 0x0000, 0x0000, 0x39E7, 0xEF7D,
    0x2124, 0x0000, 0x0000, 0x0000, 0x0000, 0x0000, 0x0000, 0x0000, 0x0000, 0x0000, 0x0000, 0x0000,
    0x0000, 0x0000, 0x0000, 0x0000, 0x0000, 0x0000, 0x0000, 0x0000, 0x0000, 0x0000, 0x0000, 0x0000,
    0x0820, 0x0000, 0x0000, 0x0040, 0x0080, 0x0040, 0x0040, 0x0000, 0x0000, 0x0000, 0x0001, 0x2104,
    0x5269, 0x8ACB, 0xBAEB, 0xBA08, 0xC104, 0xC8C3, 0xD8C3, 0xD0C4, 0xC104, 0xB966, 0xC28A, 0xA32C,
    0x834C, 0xB638, 0x428B, 0x0000, 0x0800, 0x0000, 0x0000, 0x0000, 0x0000, 0x0000, 0x0000, 0x0000,
    0x0040, 0x0000, 0x18E4, 0xB2EC, 0xB8C4, 0xD0E4, 0xD8E4, 0xC8E3, 0xD103, 0xD103, 0xC0E3, 0xB924,
    0xB125, 0xC22A, 0x9A6A, 0x8AEB, 0x39A7, 0x0042, 0x0000, 0x0000, 0x0020, 0x0020, 0x0000, 0x0000,
    0x0000, 0x0000, 0x0000, 0x0000, 0x0020, 0x0020, 0x0000, 0x0000, 0x0000, 0x0000, 0x0000, 0x0000,
    0x0800, 0x0800, 0x0000, 0xB5B6, 0x8451, 0x2144, 0xEF9D, 0x1903, 0x0000, 0x0000, 0x0020, 0x0020,
    0x0000, 0x0000, 0x0800, 0x0800, 0x0800, 0x0000, 0x0000, 0x0000, 0x0000, 0x0000, 0x0000, 0x0000,
    0x0000, 0x0000, 0x0000, 0x0000, 0x0000, 0x0000, 0x0000, 0x0000, 0x0000, 0x0000, 0x0000, 0x0000,
    0x0000, 0x0000, 0x0000, 0x0000, 0x0000, 0x0000, 0x0000, 0x0000, 0x0000, 0x0000, 0x0000, 0x0000,
    0x0000, 0x0000, 0x0000, 0x0000, 0x0000, 0x0000, 0x0000, 0xCE59, 0x8C51, 0x0000, 0xCE79, 0x7BCF,
    0x0000, 0x0000, 0x0000, 0x0000, 0x0000, 0x0000, 0x0000, 0x0000, 0x0000, 0x0000, 0x0000, 0x0000,
    0x0000, 0x0000, 0x0000, 0x0000, 0x0000, 0x0000, 0x0000, 0x0000, 0x0000, 0x0000, 0x0000, 0x0000,
    0x0000, 0x0000, 0x0000, 0x0000, 0x0000, 0x0000, 0x0000, 0x0000, 0x0000, 0x0000, 0x0000, 0x0000,
    0x0000, 0x0000, 0x0000, 0x0000, 0x0000, 0x0000, 0x0000, 0x0000, 0x0000, 0x0000, 0x39E7, 0xEF7D,
    0x2124, 0x0000, 0x0000, 0x0000, 0x0000, 0x0000, 0x0000, 0x0000, 0x0000, 0x0000, 0x0000, 0x0000,
    0x0000, 0x0000, 0x0000, 0x0000, 0x0000, 0x0000, 0x0000, 0x0000, 0x0000, 0x0000, 0x0000, 0x0000,
    0x0801, 0x0001, 0x1924, 0x08C3, 0x0000, 0x0000, 0x0000, 0x0081, 0x2104, 0x5A6A, 0x82CB, 0xBAEB,
    0xB9C7, 0xC945, 0xC8A3, 0xD0A3, 0xD8E4, 0xD103, 0xD0E3, 0xC0C4, 0xA9C8, 0x72AA, 0x5228, 0x0862,
    0x2165, 0xF7DF, 0x4208, 0x0000, 0x0020, 0x0000, 0x0000, 0x0000, 0x0000, 0x0000, 0x0001, 0x0001,
    0x0040, 0x0800, 0x0000, 0x5209, 0xAA4A, 0xB0C5, 0xC105, 0xB144, 0xA923, 0xB124, 0xBA28, 0xAA8A,
    0x8AEC, 0x5208, 0x1103, 0x0020, 0x0000, 0x0000, 0x0020, 0x0040, 0x0020, 0x0040, 0x0020, 0x0000,
    0x0000, 0x0000, 0x0000, 0x0000, 0x0020, 0x0000, 0x0000, 0x0000, 0x0000, 0x0000, 0x0000, 0x0000,
    0x0000, 0x0020, 0x0000, 0xB596, 0x8C51, 0x2144, 0xEF9D, 0x1903, 0x0000, 0x0020, 0x0000, 0x0001,
    0x0000, 0x0000, 0x0000, 0x0000, 0x0000, 0x0000, 0x0000, 0x0000, 0x0000, 0x0000, 0x0000, 0x0000,
    0x0000, 0x0800, 0x0800, 0x0000, 0x0000, 0x0000, 0x0000, 0x0000, 0x0000, 0x0000, 0x0000, 0x0000,
    0x0000, 0x0000, 0x0000, 0x0000, 0x0000, 0x0000, 0x0000, 0x0000, 0x0000, 0x0000, 0x0000, 0x0000,
    0x0000, 0x0000, 0x0000, 0x0000, 0x0000, 0x0000, 0x0000, 0xCE59, 0x8C51, 0x0000, 0xCE79, 0x7BCF,
    0x0000, 0x0000, 0x0000, 0x0000, 0x0000, 0x0000, 0x0000, 0x0000, 0x0000, 0x0000, 0x0000, 0x0000,
    0x0000, 0x0000, 0x0000, 0x0000, 0x0000, 0x0000, 0x0000, 0x0000, 0x0000, 0x0000, 0x0000, 0x0000,
    0x0000, 0x0000, 0x0000, 0x0000, 0x0000, 0x0000, 0x0000, 0x0000, 0x0000, 0x0000, 0x0000, 0x0000,
    0x0000, 0x0000, 0x0000, 0x0000, 0x0000, 0x0000, 0x0000, 0x0000, 0x0000, 0x0000, 0x39E7, 0xEF7D,
    0x2124, 0x0000, 0x0000, 0x0000, 0x0000, 0x0000, 0x0000, 0x0000, 0x0000, 0x0000, 0x0000, 0x0000,
    0x0000, 0x0000, 0x0000, 0x0000, 0x0000, 0x0000, 0x0000, 0x0000, 0x0000, 0x0000, 0x0000, 0x0000,
    0x0000, 0x41C7, 0xD472, 0x79E8, 0x838E, 0x93EF, 0x8B0C, 0x7A8A, 0xC30C, 0xB9E8, 0xC966, 0xC0A3,
    0xC0A3, 0xC0E4, 0xB8E4, 0xB8C3, 0xD0E4, 0xD0E3, 0xC904, 0xB125, 0xA36E, 0x00A2, 0x0000, 0x0000,
    0x2103, 0xEF7D, 0x4228, 0x0000, 0x0020, 0x0000, 0x0000, 0x0000, 0x0000, 0x0000, 0x0000, 0x0000,
    0x0000, 0x0800, 0x1001, 0x0000, 0x5208, 0xB32D, 0x81E8, 0x8228, 0xABAD, 0x7269, 0x5228, 0x10C3,
    0x0041, 0x0000, 0x0000, 0x0040, 0x0020, 0x0000, 0x0000, 0x0020, 0x0020, 0x0000, 0x0000, 0x0000,
    0x0000, 0x0000, 0x0000, 0x0000, 0x0000, 0x0000, 0x0000, 0x0000, 0x0000, 0x0000, 0x0020, 0x0020,
    0x0020, 0x0020, 0x0000, 0xB596, 0x8C51, 0x2925, 0xEF7E, 0x1904, 0x0000, 0x0000, 0x0000, 0x0000,
    0x0000, 0x0000, 0x0000, 0x0000, 0x0020, 0x0020, 0x0000, 0x0000, 0x0000, 0x0000, 0x0000, 0x0000,
    0x0020, 0x0020, 0x0000, 0x0000, 0x0000, 0x0000, 0x0000, 0x0000, 0x0000, 0x0000, 0x0000, 0x0000,
    0x0000, 0x0000, 0x0000, 0x0000, 0x0000, 0x0000, 0x0000, 0x0000, 0x0000, 0x0000, 0x0000, 0x0000,
    0x0000, 0x0000, 0x0000, 0x0000, 0x0000, 0x0000, 0x0000, 0xCE59, 0x8C51, 0x0000, 0xCE79, 0x7BCF,
    0x0000, 0x0000, 0x0000, 0x0000, 0x0000, 0x0000, 0x0000, 0x0000, 0x0000, 0x0000, 0x0000, 0x0000,
    0x0000, 0x0000, 0x0000, 0x0000, 0x0000, 0x0000, 0x0000, 0x0000, 0x0000, 0x0000, 0x0000, 0x0000,
    0x0000, 0x0000, 0x0000, 0x0000, 0x0000, 0x0000, 0x0000, 0x0000, 0x0000, 0x0000, 0x0000, 0x0000,
    0x0000, 0x0000, 0x0000, 0x0000, 0x0000, 0x0000, 0x0000, 0x0000, 0x0000, 0x0000, 0x39E7, 0xEF7D,
    0x2124, 0x0000, 0x0000, 0x0000, 0x0000, 0x0000, 0x0000, 0x0000, 0x0000, 0x0000, 0x0000, 0x0000,
    0x0000, 0x0000, 0x0000, 0x0000, 0x0000, 0x0000, 0x0000, 0x0000, 0x0000, 0x0000, 0x0000, 0x0000,
    0x0000, 0x6229, 0xB9C8, 0xA8E5, 0xD269, 0xE2CB, 0xD1A7, 0xB924, 0xB0C2, 0xC0E3, 0xB8C3, 0xC145,
    0xC208, 0xA249, 0xB38D, 0xC34C, 0xB8E4, 0xD8C4, 0xC0A3, 0xBA8A, 0x5A6A, 0x0000, 0x0881, 0x0000,
    0x2124, 0xEF7D, 0x4229, 0x0000, 0x0001, 0x0000, 0x0000, 0x0000, 0x0000, 0x0000, 0x0000, 0x0000,
    0x0800, 0x0020, 0x0040, 0x0020, 0x0021, 0x08A3, 0x0062, 0x0082, 0x08E3, 0x00A2, 0x0000, 0x0000,
    0x0020, 0x0020, 0x0000, 0x0000, 0x0020, 0x0000, 0x0000, 0x0000, 0x0800, 0x0800, 0x0000, 0x0000,
    0x0000, 0x0000, 0x0000, 0x0000, 0x0000, 0x0000, 0x0000, 0x0000, 0x0000, 0x0000, 0x0000, 0x0000,
    0x0000, 0x0020, 0x0000, 0xB5B6, 0x8C51, 0x2925, 0xF77E, 0x20E4, 0x0000, 0x0000, 0x0000, 0x0000,
    0x0000, 0x0000, 0x0000, 0x0000, 0x0000, 0x0000, 0x0000, 0x0000, 0x0000, 0x0000, 0x0000, 0x0000,
    0x0000, 0x0000, 0x0000, 0x0000, 0x0000, 0x0000, 0x0000, 0x0000, 0x0000, 0x0000, 0x0000, 0x0000,
    0x0000, 0x0000, 0x0000, 0x0000, 0x0000, 0x0000, 0x0000, 0x0000, 0x0000, 0x0000, 0x0000, 0x0000,
    0x0000, 0x0000, 0x0000, 0x0000, 0x0000, 0x0000, 0x0000, 0xCE59, 0x8C51, 0x0000, 0xCE79, 0x7BCF,
    0x0000, 0x0000, 0x0000, 0x0000, 0x0000, 0x0000, 0x0000, 0x0000, 0x0000, 0x0000, 0x0000, 0x0000,
    0x0000, 0x0000, 0x0000, 0x0000, 0x0000, 0x0000, 0x0000, 0x0000, 0x0000, 0x0000, 0x0000, 0x0000,
    0x0000, 0x0000, 0x0000, 0x0000, 0x0000, 0x0000, 0x0000, 0x0000, 0x0000, 0x0000, 0x0000, 0x0000,
    0x0000, 0x0000, 0x0000, 0x0000, 0x0000, 0x0000, 0x0000, 0x0000, 0x0000, 0x0000, 0x39E7, 0xEF7D,
    0x2124, 0x0000, 0x0000, 0x0000, 0x0000, 0x0000, 0x0000, 0x0000, 0x0000, 0x0000, 0x0000, 0x0000,
    0x0000, 0x0000, 0x0000, 0x0000, 0x0000, 0x0000, 0x0000, 0x0000, 0x0000, 0x0000, 0x0000, 0x0000,
    0x0000, 0x2966, 0xB32D, 0xB9E8, 0xB946, 0xC124, 0xC145, 0xC1C8, 0xB9E8, 0xB26A, 0xCBAF, 0x82AB,
    0x6A6A, 0x1903, 0x1105, 0xB38D, 0xB0E3, 0xD0C4, 0xB8E3, 0xAB6D, 0x0863, 0x0000, 0x0040, 0x0000,
    0x2104, 0xF79E, 0x4228, 0x0000, 0x0000, 0x0000, 0x0000, 0x0000, 0x0000, 0x0000, 0x0000, 0x0000,
    0x0000, 0x0000, 0x0000, 0x0000, 0x0000, 0x0000, 0x0000, 0x0000, 0x0000, 0x0000, 0x0000, 0x0000,
    0x0000, 0x0000, 0x0000, 0x0000, 0x0000, 0x0000, 0x0000, 0x0000, 0x0000, 0x0000, 0x0000, 0x0000,
    0x0000, 0x0000, 0x0000, 0x0000, 0x0000, 0x0000, 0x0000, 0x0000, 0x0000, 0x0000, 0x0000, 0x0000,
    0x0000, 0x0000, 0x0000, 0xB5B6, 0x8C51, 0x2924, 0xF77E, 0x2104, 0x0000, 0x0000, 0x0000, 0x0000,
    0x0000, 0x0000, 0x0000, 0x0000, 0x0000, 0x0000, 0x0000, 0x0000, 0x0000, 0x0000, 0x0000, 0x0000,
    0x0000, 0x0000, 0x0000, 0x0000, 0x0000, 0x0000, 0x0000, 0x0000, 0x0000, 0x0000, 0x0000, 0x0000,
    0x0000, 0x0000, 0x0000, 0x0000, 0x0000, 0x0000, 0x0000, 0x0000, 0x0000, 0x0000, 0x0000, 0x0000,
    0x0000, 0x0000, 0x0000, 0x0000, 0x0000, 0x0000, 0x0000, 0xCE59, 0x8C51, 0x0000, 0xCE79, 0x7BCF,
    0x0000, 0x0000, 0x0000, 0x0000, 0x0000, 0x0000, 0x0000, 0x0000, 0x0000, 0x0000, 0x0000, 0x0000,
    0x0000, 0x0000, 0x0000, 0x0000, 0x0000, 0x0000, 0x0000, 0x0000, 0x0000, 0x0000, 0x0000, 0x0000,
    0x0000, 0x0000, 0x0000, 0x0000, 0x0000, 0x0000, 0x0000, 0x0000, 0x0000, 0x0000, 0x0000, 0x0000,
    0x0000, 0x0000, 0x0000, 0x0000, 0x0000, 0x0000, 0x0000, 0x0000, 0x0000, 0x0000, 0x39E7, 0xF79E,
    0x2945, 0x0000, 0x0000, 0x0000, 0x0000, 0x0000, 0x0000, 0x0000, 0x0000, 0x0000, 0x0000, 0x0000,
    0x0000, 0x0000, 0x0000, 0x0000, 0x0000, 0x0000, 0x0000, 0x0000, 0x0000, 0x0000, 0x0000, 0x0000,
    0x0000, 0x0000, 0x39E8, 0x832C, 0x6208, 0x5A08, 0x6249, 0x7B0C, 0x39A7, 0x1063, 0x1905, 0x08A2,
    0x0000, 0x0000, 0x4A49, 0xCB0B, 0xB8E3, 0xC0C3, 0xCA28, 0x5A49, 0x0000, 0x0820, 0x0020, 0x0000,
    0x2104, 0xF79E, 0x4228, 0x0000, 0x0000, 0x0000, 0x0000, 0x0000, 0x0000, 0x0000, 0x0000, 0x0000,
    0x0000, 0x0000, 0x0000, 0x0000, 0x0000, 0x0000, 0x0000, 0x0000, 0x0000, 0x0000, 0x0000, 0x0000,
    0x0000, 0x0000, 0x0000, 0x0000, 0x0000, 0x0000, 0x0000, 0x0000, 0x0000, 0x0000, 0x0000, 0x0000,
    0x0000, 0x0000, 0x0000, 0x0000, 0x0000, 0x0000, 0x0000, 0x0000, 0x0000, 0x0000, 0x0000, 0x0000,
    0x0000, 0x0000, 0x0000, 0xB5B6, 0x8C51, 0x2945, 0xF79E, 0x2104, 0x0000, 0x0000, 0x0000, 0x0000,
    0x0000, 0x0000, 0x0000, 0x0000, 0x0000, 0x0000, 0x0000, 0x0000, 0x0000, 0x0000, 0x0000, 0x0000,
    0x0000, 0x0000, 0x0000, 0x0000, 0x0000, 0x0000, 0x0000, 0x0000, 0x0000, 0x0000, 0x0000, 0x0000,
    0x0000, 0x0000, 0x0000, 0x0000, 0x0000, 0x0000, 0x0000, 0x0000, 0x0000, 0x0000, 0x0000, 0x0000,
    0x0000, 0x0000, 0x0000, 0x0000, 0x0000, 0x0000, 0x0000, 0xCE59, 0x8C51, 0x0000, 0xCE79, 0x7BCF,
    0x0000, 0x0000, 0x0000, 0x0000, 0x0000, 0x0000, 0x0000, 0x0000, 0x0000, 0x0000, 0x0000, 0x0000,
    0x0000, 0x0000, 0x0000, 0x0000, 0x0000, 0x0000, 0x0000, 0x0000, 0x0000, 0x0000, 0x0000, 0x0000,
    0x0000, 0x0000, 0x0000, 0x0000, 0x0000, 0x0000, 0x0000, 0x0000, 0x0000, 0x0000, 0x0000, 0x0000,
    0x0000, 0x0000, 0x0000, 0x0000, 0x0000, 0x0000, 0x0000, 0x0000, 0x0000, 0x0000, 0x39E7, 0xEF7D,
    0x2124, 0x0000, 0x0000, 0x0000, 0x0000, 0x0000, 0x0000, 0x0000, 0x0000, 0x0000, 0x0000, 0x0000,
    0x0000, 0x0000, 0x0000, 0x0000, 0x0000, 0x0000, 0x0000, 0x0000, 0x0000, 0x0000, 0x0000, 0x0000,
    0x0000, 0x0800, 0x0000, 0x0000, 0x0020, 0x0000, 0x0000, 0x0000, 0x0000, 0x0000, 0x0000, 0x0000,
    0x0821, 0x0062, 0xBBF0, 0xC986, 0xC125, 0xB945, 0xAB0B, 0x08A3, 0x0000, 0x0000, 0x0020, 0x0000,
    0x2104, 0xF79E, 0x4228, 0x0000, 0x0020, 0x0000, 0x0000, 0x0000, 0x0000, 0x0000, 0x0000, 0x0000,
    0x0000, 0x0000, 0x0000, 0x0000, 0x0000, 0x0000, 0x0000, 0x0000, 0x0000, 0x0000, 0x0000, 0x0000,
    0x0000, 0x0020, 0x0020, 0x0020, 0x0020, 0x0000, 0x0000, 0x0000, 0x0000, 0x0000, 0x0000, 0x0000,
    0x0000, 0x0020, 0x0020, 0x0020, 0x0020, 0x0000, 0x0000, 0x0000, 0x0000, 0x0000, 0x0000, 0x0000,
    0x0000, 0x0020, 0x0000, 0xB5B6, 0x8C51, 0x2945, 0xF79E, 0x2124, 0x0000, 0x0020, 0x0000, 0x0000,
    0x0000, 0x0000, 0x0000, 0x0000, 0x0000, 0x0000, 0x0000, 0x0000, 0x0000, 0x0000, 0x0000, 0x0000,
    0x0000, 0x0000, 0x0000, 0x0000, 0x0000, 0x0000, 0x0000, 0x0000, 0x0000, 0x0000, 0x0000, 0x0020,
    0x0020, 0x0020, 0x0020, 0x0020, 0x0020, 0x0020, 0x0020, 0x0020, 0x0000, 0x0000, 0x0000, 0x0000,
    0x0000, 0x0000, 0x0000, 0x0000, 0x0020, 0x0000, 0x0000, 0xCE59, 0x8C51, 0x0000, 0xD69A, 0x7BCF,
    0x0000, 0x0020, 0x0000, 0x0000, 0x0020, 0x0020, 0x0000, 0x0000, 0x0000, 0x0020, 0x0020, 0x0020,
    0x0020, 0x0020, 0x0020, 0x0020, 0x0020, 0x0000, 0x0000, 0x0000, 0x0000, 0x0000, 0x0000, 0x0000,
    0x0000, 0x0000, 0x0000, 0x0000, 0x0000, 0x0000, 0x0000, 0x0000, 0x0000, 0x0000, 0x0000, 0x0000,
    0x0000, 0x0000, 0x0020, 0x0020, 0x0020, 0x0020, 0x0000, 0x0000, 0x0020, 0x0000, 0x4208, 0xEF7D,
    0x2124, 0x0000, 0x0000, 0x0000, 0x0000, 0x0000, 0x0000, 0x0000, 0x0000, 0x0000, 0x0000, 0x0000,
    0x0000, 0x0000, 0x0000, 0x0000, 0x0000, 0x0000, 0x0000, 0x0000, 0x0000, 0x0000, 0x0000, 0x0000,
    0x0800, 0x0000, 0x0000, 0x0040, 0x0040, 0x0040, 0x0040, 0x0040, 0x0040, 0x0020, 0x0020, 0x0040,
    0x0000, 0x1925, 0xBAAB, 0xC8C4, 0xC0E4, 0xBA48, 0x5249, 0x0000, 0x0020, 0x0000, 0x0821, 0x0000,
    0x2104, 0xF79E, 0x39C7, 0x0000, 0x0000, 0x0000, 0x0000, 0x0000, 0x0000, 0x0000, 0x0000, 0x0000,
    0x0000, 0x0000, 0x0000, 0x0000, 0x0000, 0x0000, 0x0000, 0x0000, 0x0000, 0x0000, 0x0000, 0x0000,
    0x0000, 0x0000, 0x0000, 0x0000, 0x0000, 0x0000, 0x0000, 0x0000, 0x0000, 0x0000, 0x0000, 0x0000,
    0x0000, 0x0000, 0x0000, 0x0000, 0x0000, 0x0000, 0x0000, 0x0000, 0x0000, 0x0000, 0x0000, 0x0000,
    0x0000, 0x0000, 0x0000, 0xAD75, 0x8C51, 0x2124, 0xEF7D, 0x1082, 0x0000, 0x0000, 0x0000, 0x0000,
    0x0000, 0x0000, 0x0000, 0x0000, 0x0000, 0x0000, 0x0000, 0x0000, 0x0000, 0x0000, 0x0000, 0x0000,
    0x0000, 0x0000, 0x0000, 0x0000, 0x0000, 0x0000, 0x0000, 0x0000, 0x0000, 0x0000, 0x0000, 0x0000,
    0x0000, 0x0000, 0x0000, 0x0000, 0x0000, 0x0000, 0x0000, 0x0000, 0x0000, 0x0000, 0x0000, 0x0000,
    0x0000, 0x0000, 0x0000, 0x0000, 0x0000, 0x0000, 0x0000, 0xC618, 0x8C51, 0x0000, 0xD69A, 0x6B6D,
    0x0000, 0x0000, 0x0000, 0x0000, 0x0000, 0x0000, 0x0000, 0x0000, 0x0000, 0x0000, 0x0000, 0x0000,
    0x0000, 0x0000, 0x0000, 0x0000, 0x0000, 0x0000, 0x0000, 0x0000, 0x0000, 0x0000, 0x0000, 0x0000,
    0x0000, 0x0000, 0x0000, 0x0000, 0x0000, 0x0000, 0x0000, 0x0000, 0x0000, 0x0000, 0x0000, 0x0000,
    0x0000, 0x0000, 0x0000, 0x0000, 0x0000, 0x0000, 0x0000, 0x0000, 0x0000, 0x0000, 0x3186, 0xEF7D,
    0x2124, 0x0000, 0x0000, 0x0000, 0x0000, 0x0000, 0x0000, 0x0000, 0x0000, 0x0000, 0x0000, 0x0000,
    0x0000, 0x0000, 0x0000, 0x0000, 0x0000, 0x0000, 0x0000, 0x0000, 0x0000, 0x0000, 0x0000, 0x0000,
    0x0000, 0x0000, 0x0000, 0x0000, 0x0000, 0x0000, 0x0000, 0x0000, 0x0000, 0x0000, 0x0000, 0x0000,
    0x0021, 0x7B0C, 0xC1A8, 0xC883, 0xC104, 0x9ACB, 0x0883, 0x0000, 0x0020, 0x0000, 0x0020, 0x0000,
    0x2124, 0xF7BE, 0x8C71, 0x5ACB, 0x630C, 0x5AEB, 0x5AEB, 0x5AEB, 0x5AEB, 0x5AEB, 0x5AEB, 0x5AEB,
    0x5AEB, 0x5AEB, 0x5AEB, 0x5AEB, 0x5AEB, 0x5AEB, 0x5AEB, 0x5AEB, 0x5AEB, 0x5AEB, 0x5AEB, 0x5AEB,
    0x5AEB, 0x5AEB, 0x5AEB, 0x5AEB, 0x5AEB, 0x5AEB, 0x5AEB, 0x5AEB, 0x5AEB, 0x5AEB, 0x5AEB, 0x5AEB,
    0x5AEB, 0x5AEB, 0x5AEB, 0x5AEB, 0x5AEB, 0x5AEB, 0x5AEB, 0x5AEB, 0x5AEB, 0x5AEB, 0x5AEB, 0x5AEB,
    0x5AEB, 0x630C, 0x52AA, 0xDEDB, 0x8C51, 0x2945, 0xF7BE, 0x738E, 0x5AEB, 0x5AEB, 0x5AEB, 0x5AEB,
    0x5AEB, 0x5AEB, 0x5AEB, 0x5AEB, 0x5AEB, 0x5AEB, 0x5AEB, 0x5AEB, 0x5AEB, 0x5AEB, 0x5AEB, 0x5AEB,
    0x5AEB, 0x5AEB, 0x5AEB, 0x5AEB, 0x5AEB, 0x5AEB, 0x5AEB, 0x5AEB, 0x5AEB, 0x5AEB, 0x5AEB, 0x630C,
    0x5AEB, 0x5AEB, 0x5AEB, 0x630C, 0x630C, 0x630C, 0x630C, 0x630C, 0x5AEB, 0x5AEB, 0x5AEB, 0x5AEB,
    0x5AEB, 0x5AEB, 0x5AEB, 0x5AEB, 0x5AEB, 0x5AEB, 0x5AEB, 0xE71C, 0x8C71, 0x0000, 0xD69A, 0xB596,
    0x52AA, 0x630C, 0x5AEB, 0x5AEB, 0x5AEB, 0x5AEB, 0x5AEB, 0x5AEB, 0x5AEB, 0x630C, 0x630C, 0x630C,
    0x630C, 0x5AEB, 0x5AEB, 0x5AEB, 0x5AEB, 0x5AEB, 0x5AEB, 0x5AEB, 0x5AEB, 0x5AEB, 0x5AEB, 0x5AEB,
    0x5AEB, 0x5AEB, 0x5AEB, 0x5AEB, 0x5AEB, 0x5AEB, 0x5AEB, 0x5AEB, 0x5AEB, 0x5AEB, 0x5AEB, 0x5AEB,
    0x5AEB, 0x5AEB, 0x630C, 0x630C, 0x630C, 0x630C, 0x5AEB, 0x5AEB, 0x5AEB, 0x5ACB, 0x8430, 0xF79E,
    0x2945, 0x0000, 0x0000, 0x0000, 0x0000, 0x0000, 0x0000, 0x0000, 0x0000, 0x0000, 0x0000, 0x0000,
    0x0000, 0x0000, 0x0000, 0x0000, 0x0000, 0x0000, 0x0000, 0x0000, 0x0000, 0x0000, 0x0000, 0x0000,
    0x0000, 0x0000, 0x0000, 0x0000, 0x0000, 0x0800, 0x0001, 0x0001, 0x0001, 0x0000, 0x0020, 0x0000,
    0x0083, 0xB32C, 0xC0A4, 0xC8C4, 0xB9A7, 0x936E, 0x0000, 0x0020, 0x0000, 0x0000, 0x0000, 0x0000,
    0x18E3, 0xBDF7, 0xDEDB, 0xDEDB, 0xDEDB, 0xDEDB, 0xDEDB, 0xDEDB, 0xDEDB, 0xDEDB, 0xDEDB, 0xDEDB,
    0xDEDB, 0xDEDB, 0xDEDB, 0xDEDB, 0xDEDB, 0xDEDB, 0xDEDB, 0xDEDB, 0xDEDB, 0xDEDB, 0xDEDB, 0xDEDB,
    0xDEDB, 0xDEDB, 0xDEDB, 0xDEDB, 0xDEDB, 0xDEDB, 0xDEDB, 0xDEDB, 0xDEDB, 0xDEDB, 0xDEDB, 0xDEDB,
    0xDEDB, 0xDEDB, 0xDEDB, 0xDEDB, 0xDEDB, 0xDEDB, 0xDEDB, 0xDEDB, 0xDEDB, 0xDEDB, 0xDEDB, 0xDEDB,
    0xDEDB, 0xDEDB, 0xD6BA, 0xD6BA, 0x632C, 0x2104, 0xCE59, 0xD6BA, 0xDEDB, 0xDEDB, 0xDEDB, 0xDEDB,
    0xDEDB, 0xDEDB, 0xDEDB, 0xDEDB, 0xDEDB, 0xDEDB, 0xDEDB, 0xDEDB, 0xDEDB, 0xDEDB, 0xDEDB, 0xDEDB,
    0xDEDB, 0xDEDB, 0xDEDB, 0xDEDB, 0xDEDB, 0xDEDB, 0xDEDB, 0xDEDB, 0xDEDB, 0xDEDB, 0xDEDB, 0xDEDB,
    0xDEDB, 0xDEDB, 0xDEDB, 0xDEDB, 0xDEDB, 0xDEDB, 0xDEDB, 0xDEDB, 0xDEDB, 0xDEDB, 0xDEDB, 0xDEDB,
    0xDEDB, 0xDEDB, 0xDEDB, 0xDEDB, 0xD6BA, 0xDEDB, 0xD6BA, 0xD6BA, 0x6B4D, 0x0000, 0xA514, 0xDEDB,
    0xD6BA, 0xDEDB, 0xDEDB, 0xDEDB, 0xDEDB, 0xDEDB, 0xDEDB, 0xDEDB, 0xDEDB, 0xDEDB, 0xDEDB, 0xDEDB,
    0xDEDB, 0xDEDB, 0xDEDB, 0xDEDB, 0xDEDB, 0xDEDB, 0xDEDB, 0xDEDB, 0xDEDB, 0xDEDB, 0xDEDB, 0xDEDB,
    0xDEDB, 0xDEDB, 0xDEDB, 0xDEDB, 0xDEDB, 0xDEDB, 0xDEDB, 0xDEDB, 0xDEDB, 0xDEDB, 0xDEDB, 0xDEDB,
    0xDEDB, 0xDEDB, 0xDEDB, 0xDEDB, 0xDEDB, 0xDEDB, 0xDEDB, 0xDEDB, 0xDEDB, 0xDEDB, 0xD6BA, 0xBDD7,
    0x2104, 0x0000, 0x0020, 0x0000, 0x0000, 0x0000, 0x0000, 0x0000, 0x0000, 0x0000, 0x0000, 0x0000,
    0x0000, 0x0000, 0x0000, 0x0000, 0x0000, 0x0000, 0x0000, 0x0000, 0x0000, 0x0000, 0x0000, 0x0000,
    0x0000, 0x0000, 0x0000, 0x0000, 0x0000, 0x0000, 0x0020, 0x0001, 0x0000, 0x0000, 0x0040, 0x0000,
    0x4A49, 0xBA6A, 0xC0C3, 0xB8E4, 0xBAEC, 0x2986, 0x0000, 0x0020, 0x0000, 0x0000, 0x0000, 0x0000,
    0x0020, 0x0841, 0x0020, 0x0000, 0x0000, 0x0000, 0x0000, 0x0000, 0x0000, 0x0000, 0x0000, 0x0000,
    0x0000, 0x0000, 0x0000, 0x0000, 0x0000, 0x0000, 0x0000, 0x0000, 0x0000, 0x0000, 0x0000, 0x0000,
    0x0000, 0x0000, 0x0000, 0x0000, 0x0000, 0x0000, 0x0000, 0x0000, 0x0000, 0x0000, 0x0000, 0x0000,
    0x0000, 0x0020, 0x0020, 0x0020, 0x0020, 0x0000, 0x0000, 0x0000, 0x0000, 0x0000, 0x0000, 0x0000,
    0x0000, 0x0020, 0x0020, 0x0841, 0x0020, 0x0020, 0x0841, 0x0020, 0x0020, 0x0020, 0x0020, 0x0020,
    0x0020, 0x0020, 0x0020, 0x0000, 0x0000, 0x0000, 0x0020, 0x0020, 0x0020, 0x0020, 0x0020, 0x0000,
    0x0000, 0x0000, 0x0000, 0x0020, 0x0020, 0x0020, 0x0020, 0x0000, 0x0000, 0x0000, 0x0000, 0x0000,
    0x0020, 0x0020, 0x0020, 0x0000, 0x0000, 0x0000, 0x0000, 0x0000, 0x0000, 0x0000, 0x0000, 0x0000,
    0x0000, 0x0000, 0x0000, 0x0000, 0x0020, 0x0000, 0x0020, 0x0841, 0x0841, 0x0020, 0x0020, 0x0020,
    0x0000, 0x0000, 0x0000, 0x0000, 0x0000, 0x0000, 0x0000, 0x0000, 0x0000, 0x0000, 0x0000, 0x0000,
    0x0000, 0x0020, 0x0020, 0x0020, 0x0020, 0x0000, 0x0020, 0x0020, 0x0020, 0x0000, 0x0000, 0x0000,
    0x0000, 0x0000, 0x0000, 0x0000, 0x0000, 0x0000, 0x0000, 0x0000, 0x0000, 0x0000, 0x0020, 0x0020,
    0x0020, 0x0020, 0x0000, 0x0000, 0x0000, 0x0000, 0x0000, 0x0000, 0x0000, 0x0000, 0x0020, 0x0861,
    0x0020, 0x0000, 0x0000, 0x0000, 0x0000, 0x0000, 0x0000, 0x0000, 0x0000, 0x0000, 0x0000, 0x0000,
    0x0000, 0x0000, 0x0000, 0x0000, 0x0000, 0x0000, 0x0000, 0x0000, 0x0000, 0x0000, 0x0000, 0x0000,
    0x0000, 0x0000, 0x0000, 0x0000, 0x0000, 0x0000, 0x0000, 0x0000, 0x1000, 0x0000, 0x0020, 0x0020,
    0x72CB, 0xC9C7, 0xC0C3, 0xB966, 0x728A, 0x0021, 0x0020, 0x0020, 0x0000, 0x0000, 0x0000, 0x0000,
    0x0000, 0x0020, 0x0000, 0x0000, 0x0000, 0x0000, 0x0000, 0x0000, 0x0000, 0x0000, 0x0000, 0x0000,
    0x0000, 0x0000, 0x0000, 0x0000, 0x0000, 0x0000, 0x0000, 0x0000, 0x0000, 0x0000, 0x0000, 0x0000,
    0x0000, 0x0000, 0x0000, 0x0000, 0x0000, 0x0000, 0x0000, 0x0000, 0x0000, 0x0000, 0x0000, 0x0000,
    0x0000, 0x0000, 0x0000, 0x0000, 0x0000, 0x0000, 0x0000, 0x0000, 0x0000, 0x0000, 0x0000, 0x0000,
    0x0000, 0x0000, 0x0000, 0x0000, 0x0020, 0x0000, 0x0000, 0x0000, 0x0000, 0x0000, 0x0000, 0x0000,
    0x0000, 0x0000, 0x0000, 0x0000, 0x0000, 0x0000, 0x0000, 0x0000, 0x0000, 0x0000, 0x0000, 0x0000,
    0x0000, 0x0000, 0x0000, 0x0000, 0x0000, 0x0000, 0x0000, 0x0000, 0x0000, 0x0000, 0x0000, 0x0000,
    0x0000, 0x0000, 0x0000, 0x0000, 0x0000, 0x0000, 0x0000, 0x0000, 0x0000, 0x0000, 0x0000, 0x0000,
    0x0000, 0x0000, 0x0000, 0x0000, 0x0000, 0x0000, 0x0000, 0x0000, 0x0000, 0x0020, 0x0000, 0x0000,
    0x0000, 0x0000, 0x0000, 0x0000, 0x0000, 0x0000, 0x0000, 0x0000, 0x0000, 0x0000, 0x0000, 0x0000,
    0x0000, 0x0000, 0x0000, 0x0000, 0x0000, 0x0000, 0x0000, 0x0000, 0x0000, 0x0000, 0x0000, 0x0000,
    0x0000, 0x0000, 0x0000, 0x0000, 0x0000, 0x0000, 0x0000, 0x0000, 0x0000, 0x0000, 0x0000, 0x0000,
    0x0000, 0x0000, 0x0000, 0x0000, 0x0000, 0x0000, 0x0000, 0x0000, 0x0000, 0x0000, 0x0000, 0x0000,
    0x0020, 0x0020, 0x0000, 0x0000, 0x0000, 0x0000, 0x0000, 0x0000, 0x0000, 0x0000, 0x0000, 0x0000,
    0x0000, 0x0000, 0x0000, 0x0000, 0x0000, 0x0000, 0x0000, 0x0000, 0x0000, 0x0000, 0x0000, 0x0000,
    0x0000, 0x0000, 0x0000, 0x0000, 0x0000, 0x0000, 0x0000, 0x0000, 0x0000, 0x0000, 0x0000, 0x0882,
    0xBB4C, 0xC0E4, 0xC104, 0xA26A, 0x2186, 0x0000, 0x0020, 0x0000, 0x0000, 0x0000, 0x0000, 0x0000,
    0x0000, 0x0000, 0x0000, 0x0000, 0x0000, 0x0000, 0x0000, 0x0000, 0x0000, 0x0000, 0x0000, 0x0000,
    0x0000, 0x0000, 0x0000, 0x0000, 0x0000, 0x0000, 0x0000, 0x0000, 0x0000, 0x0000, 0x0000, 0x0000,
    0x0000, 0x0000, 0x0000, 0x0000, 0x0000, 0x0000, 0x0000, 0x0000, 0x0000, 0x0000, 0x0000, 0x0000,
    0x0000, 0x0000, 0x0000, 0x0000, 0x0000, 0x0000, 0x0000, 0x0000, 0x0000, 0x0000, 0x0000, 0x0000,
    0x0000, 0x0000, 0x0000, 0x0000, 0x0000, 0x0000, 0x0000, 0x0000, 0x0000, 0x0000, 0x0000, 0x0000,
    0x0000, 0x0000, 0x0000, 0x0000, 0x0000, 0x0000, 0x0000, 0x0000, 0x0000, 0x0000, 0x0000, 0x0000,
    0x0000, 0x0000, 0x0000, 0x0000, 0x0000, 0x0000, 0x0000, 0x0000, 0x0000, 0x0000, 0x0000, 0x0000,
    0x0000, 0x0000, 0x0000, 0x0000, 0x0000, 0x0000, 0x0000, 0x0000, 0x0000, 0x0000, 0x0000, 0x0000,
    0x0000, 0x0000, 0x0000, 0x0000, 0x0000, 0x0000, 0x0000, 0x0000, 0x0000, 0x0000, 0x0000, 0x0000,
    0x0000, 0x0000, 0x0000, 0x0000, 0x0000, 0x0000, 0x0000, 0x0000, 0x0000, 0x0000, 0x0000, 0x0000,
    0x0000, 0x0000, 0x0000, 0x0000, 0x0000, 0x0000, 0x0000, 0x0000, 0x0000, 0x0000, 0x0000, 0x0000,
    0x0000, 0x0000, 0x0000, 0x0000, 0x0000, 0x0000, 0x0000, 0x0000, 0x0000, 0x0000, 0x0000, 0x0000,
    0x0000, 0x0000, 0x0000, 0x0000, 0x0000, 0x0000, 0x0000, 0x0000, 0x0000, 0x0000, 0x0000, 0x0000,
    0x0000, 0x0000, 0x0000, 0x0000, 0x0000, 0x0000, 0x0000, 0x0000, 0x0000, 0x0000, 0x0000, 0x0000,
    0x0000, 0x0000, 0x0000, 0x0000, 0x0000, 0x0000, 0x0000, 0x0000, 0x0000, 0x0000, 0x0000, 0x0000,
    0x0000, 0x0000, 0x0000, 0x0000, 0x0000, 0x0000, 0x0000, 0x0000, 0x0000, 0x0020, 0x0000, 0x4208,
    0xBA28, 0xC0E3, 0xC186, 0x934D, 0x0020, 0x0040, 0x0020, 0x0000, 0x0000, 0x0000, 0x0000, 0x0000,
    0x0000, 0x0000, 0x0000, 0x0000, 0x0000, 0x0000, 0x0000, 0x0000, 0x0000, 0x0000, 0x0000, 0x0000,
    0x0000, 0x0000, 0x0000, 0x0000, 0x0000, 0x0000, 0x0000, 0x0000, 0x0000, 0x0000, 0x0000, 0x0000,
    0x0000, 0x0000, 0x0000, 0x0000, 0x0000, 0x0000, 0x0000, 0x0000, 0x0000, 0x0000, 0x0000, 0x0000,
    0x0000, 0x0000, 0x0000, 0x0000, 0x0000, 0x0000, 0x0000, 0x0000, 0x0000, 0x0000, 0x0000, 0x0000,
    0x0000, 0x0000, 0x0000, 0x0000, 0x0000, 0x0000, 0x0000, 0x0000, 0x0000, 0x0000, 0x0000, 0x0000,
    0x0000, 0x0000, 0x0000, 0x0000, 0x0000, 0x0000, 0x0000, 0x0000, 0x0000, 0x0000, 0x0000, 0x0000,
    0x0000, 0x0000, 0x0000, 0x0000, 0x0000, 0x0000, 0x0000, 0x0000, 0x0000, 0x0000, 0x0000, 0x0000,
    0x0000, 0x0000, 0x0000, 0x0000, 0x0000, 0x0000, 0x0000, 0x0000, 0x0000, 0x0000, 0x0000, 0x0000,
    0x0000, 0x0000, 0x0000, 0x0000, 0x0000, 0x0000, 0x0000, 0x0000, 0x0000, 0x0000, 0x0000, 0x0000,
    0x0000, 0x0000, 0x0000, 0x0000, 0x0000, 0x0000, 0x0000, 0x0000, 0x0000, 0x0000, 0x0000, 0x0000,
    0x0000, 0x0000, 0x0000, 0x0000, 0x0000, 0x0000, 0x0000, 0x0000, 0x0000, 0x0000, 0x0000, 0x0000,
    0x0000, 0x0000, 0x0000, 0x0000, 0x0000, 0x0000, 0x0000, 0x0000, 0x0000, 0x0000, 0x0000, 0x0000,
    0x0000, 0x0000, 0x0000, 0x0000, 0x0000, 0x0000, 0x0000, 0x0000, 0x0000, 0x0000, 0x0000, 0x0000,
    0x0000, 0x0000, 0x0000, 0x0000, 0x0000, 0x0000, 0x0000, 0x0000, 0x0000, 0x0000, 0x0000, 0x0000,
    0x0000, 0x0000, 0x0000, 0x0000, 0x0000, 0x0000, 0x0000, 0x0000, 0x0000, 0x0000, 0x0000, 0x0000,
    0x0000, 0x0000, 0x0000, 0x0000, 0x0000, 0x0000, 0x0000, 0x0000, 0x0000, 0x0000, 0x1082, 0xABCE,
    0xB944, 0xC0C3, 0xC28A, 0x62AA, 0x0000, 0x0020, 0x0000, 0x0000, 0x0000, 0x0000, 0x0000, 0x0000,
    0x0000, 0x0000, 0x0000, 0x0000, 0x0000, 0x0000, 0x0000, 0x0000, 0x0000, 0x0000, 0x0000, 0x0000,
    0x0000, 0x0000, 0x0000, 0x0000, 0x0000, 0x0000, 0x0000, 0x0000, 0x0000, 0x0000, 0x0000, 0x0000,
    0x0000, 0x0000, 0x0000, 0x0000, 0x0000, 0x0000, 0x0000, 0x0000, 0x0000, 0x0000, 0x0000, 0x0000,
    0x0000, 0x0000, 0x0000, 0x0000, 0x0000, 0x0000, 0x0000, 0x0000, 0x0000, 0x0000, 0x0000, 0x0000,
    0x0000, 0x0000, 0x0000, 0x0000, 0x0000, 0x0000, 0x0000, 0x0000, 0x0000, 0x0000, 0x0000, 0x0000,
    0x0000, 0x0000, 0x0000, 0x0000, 0x0000, 0x0000, 0x0000, 0x0000, 0x0000, 0x0000, 0x0000, 0x0000,
    0x0000, 0x0000, 0x0000, 0x0000, 0x0000, 0x0000, 0x0000, 0x0000, 0x0000, 0x0000, 0x0000, 0x0000,
    0x0000, 0x0000, 0x0000, 0x0000, 0x0000, 0x0000, 0x0000, 0x0000, 0x0000, 0x0000, 0x0000, 0x0000,
    0x0000, 0x0000, 0x0000, 0x0000, 0x0000, 0x0000, 0x0000, 0x0000, 0x0000, 0x0000, 0x0000, 0x0000,
    0x0000, 0x0000, 0x0000, 0x0000, 0x0000, 0x0000, 0x0000, 0x0000, 0x0000, 0x0000, 0x0000, 0x0000,
    0x0000, 0x0000, 0x0000, 0x0000, 0x0000, 0x0000, 0x0000, 0x0000, 0x0000, 0x0000, 0x0000, 0x0000,
    0x0000, 0x0000, 0x0000, 0x0000, 0x0000, 0x0000, 0x0000, 0x0000, 0x0000, 0x0000, 0x0000, 0x0000,
    0x0000, 0x0000, 0x0000, 0x0000, 0x0000, 0x0000, 0x0000, 0x0000, 0x0000, 0x0000, 0x0000, 0x0000,
    0x0000, 0x0000, 0x0000, 0x0000, 0x0000, 0x0000, 0x0000, 0x0000, 0x0000, 0x0000, 0x0000, 0x0000,
    0x0000, 0x0000, 0x0000, 0x0000, 0x0000, 0x0000, 0x0000, 0x0000, 0x0000, 0x0000, 0x0000, 0x0000,
    0x0000, 0x0000, 0x0000, 0x0000, 0x0000, 0x0000, 0x0000, 0x0001, 0x0000, 0x0000, 0x08E3, 0xBAEB,
    0xC0A2, 0xC904, 0x9ACB, 0x08A2, 0x0000, 0x0000, 0x0000, 0x0000, 0x0000, 0x0000, 0x0000, 0x0000,
    0x0000, 0x0000, 0x0000, 0x0000, 0x0000, 0x0000, 0x0000, 0x0000, 0x0000, 0x0000, 0x0000, 0x0000,
    0x0000, 0x0000, 0x0000, 0x0000, 0x0000, 0x0000, 0x0000, 0x0000, 0x0000, 0x0000, 0x0000, 0x0000,
    0x0000, 0x0000, 0x0000, 0x0000, 0x0000, 0x0000, 0x0000, 0x0000, 0x0000, 0x0000, 0x0000, 0x0000,
    0x0000, 0x0000, 0x0000, 0x0000, 0x0000, 0x0000, 0x0000, 0x0000, 0x0000, 0x0000, 0x0000, 0x0000,
    0x0000, 0x0000, 0x0000, 0x0000, 0x0000, 0x0000, 0x0000, 0x0000, 0x0000, 0x0000, 0x0000, 0x0000,
    0x0000, 0x0000, 0x0000, 0x0000, 0x0000, 0x0000, 0x0000, 0x0000, 0x0000, 0x0000, 0x0000, 0x0000,
    0x0000, 0x0000, 0x0000, 0x0000, 0x0000, 0x0000, 0x0000, 0x0000, 0x0000, 0x0000, 0x0000, 0x0000,
    0x0000, 0x0000, 0x0000, 0x0000, 0x0000, 0x0000, 0x0000, 0x0000, 0x0000, 0x0000, 0x0000, 0x0000,
    0x0000, 0x0000, 0x0000, 0x0000, 0x0000, 0x0000, 0x0000, 0x0000, 0x0000, 0x0000, 0x0000, 0x0000,
    0x0000, 0x0000, 0x0000, 0x0000, 0x0000, 0x0000, 0x0000, 0x0000, 0x0000, 0x0000, 0x0000, 0x0000,
    0x0000, 0x0000, 0x0000, 0x0000, 0x0000, 0x0000, 0x0000, 0x0000, 0x0000, 0x0000, 0x0000, 0x0000,
    0x0000, 0x0000, 0x0000, 0x0000, 0x0000, 0x0000, 0x0000, 0x0000, 0x0000, 0x0000, 0x0000, 0x0000,
    0x0000, 0x0000, 0x0000, 0x0000, 0x0000, 0x0000, 0x0000, 0x0000, 0x0000, 0x0000, 0x0000, 0x0000,
    0x0000, 0x0000, 0x0000, 0x0000, 0x0000, 0x0000, 0x0000, 0x0000, 0x0000, 0x0000, 0x0000, 0x0000,
    0x0000, 0x0000, 0x0000, 0x0000, 0x0000, 0x0000, 0x0000, 0x0000, 0x0000, 0x0000, 0x0000, 0x0000,
    0x0000, 0x0000, 0x0000, 0x0000, 0x0000, 0x0000, 0x0000, 0x0001, 0x0800, 0x0000, 0x3186, 0xB9A6,
    0xC8C3, 0xC166, 0x728A, 0x0000, 0x0000, 0x0000, 0x0000, 0x0000, 0x0000, 0x0000, 0x0000, 0x0000,
    0x0000, 0x0000, 0x0000, 0x0000, 0x0000, 0x0000, 0x0000, 0x0000, 0x0000, 0x0000, 0x0000, 0x0000,
    0x0000, 0x0000, 0x0000, 0x0000, 0x0000, 0x0000, 0x0000, 0x0000, 0x0000, 0x0000, 0x0000, 0x0000,
    0x0000, 0x0000, 0x0000, 0x0000, 0x0000, 0x0000, 0x0000, 0x0000, 0x0000, 0x0000, 0x0000, 0x0000,
    0x0000, 0x0000, 0x0000, 0x0000, 0x0000, 0x0000, 0x0000, 0x0000, 0x0000, 0x0000, 0x0000, 0x0000,
    0x0000, 0x0000, 0x0000, 0x0000, 0x0000, 0x0000, 0x0000, 0x0000, 0x0000, 0x0000, 0x0000, 0x0000,
    0x0000, 0x0000, 0x0000, 0x0000, 0x0000, 0x0000, 0x0000, 0x0000, 0x0000, 0x0000, 0x0000, 0x0000,
    0x0000, 0x0000, 0x0000, 0x0000, 0x0000, 0x0000, 0x0000, 0x0000, 0x0000, 0x0000, 0x0000, 0x0000,
    0x0000, 0x0000, 0x0000, 0x0000, 0x0000, 0x0000, 0x0000, 0x0000, 0x0000, 0x0000, 0x0000, 0x0000,
    0x0000, 0x0000, 0x0000, 0x0000, 0x0000, 0x0000, 0x0000, 0x0000, 0x0000, 0x0000, 0x0000, 0x0000,
    0x0000, 0x0000, 0x0000, 0x0000, 0x0000, 0x0000, 0x0000, 0x0000, 0x0000, 0x0000, 0x0000, 0x0000,
    0x0000, 0x0000, 0x0000, 0x0000, 0x0000, 0x0000, 0x0000, 0x0000, 0x0000, 0x0000, 0x0000, 0x0000,
    0x0000, 0x0000, 0x0000, 0x0000, 0x0000, 0x0000, 0x0000, 0x0000, 0x0000, 0x0000, 0x0000, 0x0000,
    0x0000, 0x0000, 0x0000, 0x0000, 0x0000, 0x0000, 0x0000, 0x0000, 0x0000, 0x0000, 0x0000, 0x0000,
    0x0000, 0x0000, 0x0000, 0x0000, 0x0000, 0x0000, 0x0000, 0x0000, 0x0000, 0x0000, 0x0000, 0x0000,
    0x0000, 0x0000, 0x0000, 0x0000, 0x0000, 0x0000, 0x0000, 0x0000, 0x0000, 0x0000, 0x0000, 0x0000,
    0x0000, 0x0000, 0x0000, 0x0000, 0x0000, 0x0000, 0x0000, 0x0001, 0x0000, 0x10A2, 0xA36D, 0xC944,
    0xC0C3, 0xB229, 0x2145, 0x0000, 0x0000, 0x0000, 0x0000, 0x0000, 0x0000, 0x0000, 0x0000, 0x0000,
    0x0000, 0x0000, 0x0000, 0x0000, 0x0000, 0x0000, 0x0000, 0x0000, 0x0000, 0x0000, 0x0000, 0x0000,
    0x0000, 0x0000, 0x0000, 0x0000, 0x0000, 0x0000, 0x0000, 0x0000, 0x0000, 0x0000, 0x0000, 0x0000,
    0x0000, 0x0000, 0x0000, 0x0000, 0x0000, 0x0000, 0x0000, 0x0000, 0x0000, 0x0000, 0x0000, 0x0000,
    0x0000, 0x0000, 0x0000, 0x0000, 0x0000, 0x0000, 0x0000, 0x0000, 0x0000, 0x0000, 0x0000, 0x0000,
    0x0000, 0x0000, 0x0000, 0x0000, 0x0000, 0x0000, 0x0000, 0x0000, 0x0000, 0x0000, 0x0000, 0x0000,
    0x0000, 0x0000, 0x0000, 0x0000, 0x0000, 0x0000, 0x0000, 0x0000, 0x0000, 0x0000, 0x0000, 0x0000,
    0x0000, 0x0000, 0x0000, 0x0000, 0x0000, 0x0000, 0x0000, 0x0000, 0x0000, 0x0000, 0x0000, 0x0000,
    0x0000, 0x0000, 0x0000, 0x0000, 0x0000, 0x0000, 0x0000, 0x0000, 0x0000, 0x0000, 0x0000, 0x0000,
    0x0000, 0x0000, 0x0000, 0x0000, 0x0000, 0x0000, 0x0000, 0x0000, 0x0000, 0x0000, 0x0000, 0x0000,
    0x0000, 0x0000, 0x0000, 0x0000, 0x0000, 0x0000, 0x0000, 0x0000, 0x0000, 0x0000, 0x0000, 0x0000,
    0x0000, 0x0000, 0x0000, 0x0000, 0x0000, 0x0000, 0x0000, 0x0000, 0x0000, 0x0000, 0x0000, 0x0000,
    0x0000, 0x0000, 0x0000, 0x0000, 0x0000, 0x0000, 0x0000, 0x0000, 0x0000, 0x0000, 0x0000, 0x0000,
    0x0000, 0x0000, 0x0000, 0x0000, 0x0000, 0x0000, 0x0000, 0x0000, 0x0000, 0x0000, 0x0000, 0x0000,
    0x0000, 0x0000, 0x0000, 0x0000, 0x0000, 0x0000, 0x0000, 0x0000, 0x0000, 0x0000, 0x0000, 0x0000,
    0x0000, 0x0000, 0x0000, 0x0000, 0x0000, 0x0000, 0x0000, 0x0000, 0x0000, 0x0000, 0x0000, 0x0000,
    0x0000, 0x0000, 0x0000, 0x0000, 0x0000, 0x0000, 0x0000, 0x0000, 0x0000, 0x1103, 0xCB4C, 0xC0E3,
    0xB905, 0x9AEC, 0x10E3, 0x0000, 0x0000, 0x0000, 0x0000, 0x0000, 0x0000, 0x0000, 0x0000, 0x0000,
    0x0000, 0x0000, 0x0000, 0x0000, 0x0000, 0x0000, 0x0000, 0x0000, 0x0000, 0x0000, 0x0000, 0x0000,
    0x0000, 0x0000, 0x0000, 0x0000, 0x0000, 0x0000, 0x0000, 0x0000, 0x0000, 0x0000, 0x0000, 0x0000,
    0x0000, 0x0000, 0x0000, 0x0000, 0x0000, 0x0000, 0x0000, 0x0000, 0x0000, 0x0000, 0x0000, 0x0000,
    0x0000, 0x0000, 0x0000, 0x0000, 0x0000, 0x0000, 0x0000, 0x0000, 0x0000, 0x0000, 0x0000, 0x0000,
    0x0000, 0x0000, 0x0000, 0x0000, 0x0000, 0x0000, 0x0000, 0x0000, 0x0000, 0x0000, 0x0000, 0x0000,
    0x0000, 0x0000, 0x0000, 0x0000, 0x0000, 0x0000, 0x0000, 0x0000, 0x0000, 0x0000, 0x0000, 0x0000,
    0x0000, 0x0000, 0x0000, 0x0000, 0x0000, 0x0000, 0x0000, 0x0000, 0x0000, 0x0000, 0x0000, 0x0000,
    0x0000, 0x0000, 0x0000, 0x0000, 0x0000, 0x0000, 0x0000, 0x0000, 0x0000, 0x0000, 0x0000, 0x0000,
    0x0000, 0x0000, 0x0000, 0x0000, 0x0000, 0x0000, 0x0000, 0x0000, 0x0000, 0x0000, 0x0000, 0x0000,
    0x0000, 0x0000, 0x0000, 0x0000, 0x0000, 0x0000, 0x0000, 0x0000, 0x0000, 0x0000, 0x0000, 0x0000,
    0x0000, 0x0000, 0x0000, 0x0000, 0x0000, 0x0000, 0x0000, 0x0000, 0x0000, 0x0000, 0x0000, 0x0000,
    0x0000, 0x0000, 0x0000, 0x0000, 0x0000, 0x0000, 0x0000, 0x0000, 0x0000, 0x0000, 0x0000, 0x0000,
    0x0000, 0x0000, 0x0000, 0x0000, 0x0000, 0x0000, 0x0000, 0x0000, 0x0000, 0x0000, 0x0000, 0x0000,
    0x0000, 0x0000, 0x0000, 0x0000, 0x0000, 0x0000, 0x0000, 0x0000, 0x0000, 0x0000, 0x0000, 0x0000,
    0x0000, 0x0000, 0x0000, 0x0000, 0x0000, 0x0000, 0x0000, 0x0000, 0x0000, 0x0000, 0x0000, 0x0000,
    0x0000, 0x0000, 0x0000, 0x0000, 0x0000, 0x0000, 0x0000, 0x0000, 0x0000, 0x4208, 0xBA07, 0xC0E3,
    0xB9E8, 0x4A08, 0x0000, 0x0021, 0x0000, 0x0000, 0x0000, 0x0000, 0x0000, 0x0000, 0x0000, 0x0000,
    0x0000, 0x0000, 0x0000, 0x0000, 0x0000, 0x0000, 0x0000, 0x0000, 0x0000, 0x0000, 0x0000, 0x0000,
    0x0000, 0x0000, 0x0000, 0x0000, 0x0000, 0x0000, 0x0000, 0x0000, 0x0000, 0x0000, 0x0000, 0x0000,
    0x0000, 0x0000, 0x0000, 0x0000, 0x0000, 0x0000, 0x0000, 0x0000, 0x0000, 0x0000, 0x0000, 0x0000,
    0x0000, 0x0000, 0x0000, 0x0000, 0x0000, 0x0000, 0x0000, 0x0000, 0x0000, 0x0000, 0x0000, 0x0000,
    0x0000, 0x0000, 0x0000, 0x0000, 0x0000, 0x0000, 0x0000, 0x0000, 0x0000, 0x0000, 0x0000, 0x0000,
    0x0000, 0x0000, 0x0000, 0x0000, 0x0000, 0x0000, 0x0000, 0x0000, 0x0000, 0x0000, 0x0000, 0x0000,
    0x0000, 0x0000, 0x0000, 0x0000, 0x0000, 0x0000, 0x0000, 0x0000, 0x0000, 0x0000, 0x0000, 0x0000,
    0x0000, 0x0000, 0x0000, 0x0000, 0x0000, 0x0000, 0x0000, 0x0000, 0x0000, 0x0000, 0x0000, 0x0000,
    0x0000, 0x0000, 0x0000, 0x0000, 0x0000, 0x0000, 0x0000, 0x0000, 0x0000, 0x0000, 0x0000, 0x0000,
    0x0000, 0x0000, 0x0000, 0x0000, 0x0000, 0x0000, 0x0000, 0x0000, 0x0000, 0x0000, 0x0000, 0x0000,
    0x0000, 0x0000, 0x0000, 0x0000, 0x0000, 0x0000, 0x0000, 0x0000, 0x0000, 0x0000, 0x0000, 0x0000,
    0x0000, 0x0000, 0x0000, 0x0000, 0x0000, 0x0000, 0x0000, 0x0000, 0x0000, 0x0000, 0x0000, 0x0000,
    0x0000, 0x0000, 0x0000, 0x0000, 0x0000, 0x0000, 0x0000, 0x0000, 0x0000, 0x0000, 0x0000, 0x0000,
    0x0000, 0x0000, 0x0000, 0x0000, 0x0000, 0x0000, 0x0000, 0x0000, 0x0000, 0x0000, 0x0000, 0x0000,
    0x0000, 0x0000, 0x0000, 0x0000, 0x0000, 0x0000, 0x0000, 0x0000, 0x0000, 0x0000, 0x0000, 0x0000,
    0x0000, 0x0000, 0x0000, 0x0000, 0x0000, 0x0000, 0x0000, 0x0020, 0x0000, 0x7AEB, 0xC185, 0xC0C3,
    0xB269, 0x1104, 0x0000, 0x0000, 0x0000, 0x0000, 0x0000, 0x0000, 0x0000, 0x0000, 0x0000, 0x0000,
    0x0000, 0x0000, 0x0000, 0x0000, 0x0000, 0x0000, 0x0000, 0x0000, 0x0000, 0x0000, 0x0000, 0x0000,
    0x0000, 0x0000, 0x0000, 0x0000, 0x0000, 0x0000, 0x0000, 0x0000, 0x0000, 0x0000, 0x0000, 0x0000,
    0x0000, 0x0000, 0x0000, 0x0000, 0x0000, 0x0000, 0x0000, 0x0000, 0x0000, 0x0000, 0x0000, 0x0000,
    0x0000, 0x0000, 0x0000, 0x0000, 0x0000, 0x0000, 0x0000, 0x0000, 0x0000, 0x0000, 0x0000, 0x0000,
    0x0000, 0x0000, 0x0000, 0x0000, 0x0000, 0x0000, 0x0000, 0x0000, 0x0000, 0x0000, 0x0000, 0x0000,
    0x0000, 0x0000, 0x0000, 0x0000, 0x0000, 0x0000, 0x0000, 0x0000, 0x0000, 0x0000, 0x0000, 0x0000,
    0x0000, 0x0000, 0x0000, 0x0000, 0x0000, 0x0000, 0x0000, 0x0000, 0x0000, 0x0000, 0x0000, 0x0000,
    0x0000, 0x0000, 0x0000, 0x0000, 0x0000, 0x0000, 0x0000, 0x0000, 0x0000, 0x0000, 0x0000, 0x0000,
    0x0000, 0x0000, 0x0000, 0x0000, 0x0000, 0x0000, 0x0000, 0x0000, 0x0000, 0x0000, 0x0000, 0x0000,
    0x0000, 0x0000, 0x0000, 0x0000, 0x0000, 0x0000, 0x0000, 0x0000, 0x0000, 0x0000, 0x0000, 0x0000,
    0x0000, 0x0000, 0x0000, 0x0000, 0x0000, 0x0000, 0x0000, 0x0000, 0x0000, 0x0000, 0x0000, 0x0000,
    0x0000, 0x0000, 0x0000, 0x0000, 0x0000, 0x0000, 0x0000, 0x0000, 0x0000, 0x0000, 0x0000, 0x0000,
    0x0000, 0x0000, 0x0000, 0x0000, 0x0000, 0x0000, 0x0000, 0x0000, 0x0000, 0x0000, 0x0000, 0x0000,
    0x0000, 0x0000, 0x0000, 0x0000, 0x0000, 0x0000, 0x0000, 0x0000, 0x0000, 0x0000, 0x0000, 0x0000,
    0x0000, 0x0000, 0x0000, 0x0000, 0x0000, 0x0000, 0x0000, 0x0000, 0x0000, 0x0000, 0x0000, 0x0000,
    0x0000, 0x0000, 0x0000, 0x0000, 0x0000, 0x0000, 0x0000, 0x0000, 0x2125, 0xAB6D, 0xB0E4, 0xB8C3,
    0xCBAD, 0x2125, 0x0000, 0x0000, 0x0000, 0x0000, 0x0000, 0x0000, 0x0000, 0x0000, 0x0000, 0x0000,
    0x0000, 0x0000, 0x0000, 0x0000, 0x0000, 0x0000, 0x0000, 0x0000, 0x0000, 0x0000, 0x0000, 0x0000,
    0x0000, 0x0000, 0x0000, 0x0000, 0x0000, 0x0000, 0x0000, 0x0000, 0x0000, 0x0000, 0x0000, 0x0000,
    0x0000, 0x0000, 0x0000, 0x0000, 0x0000, 0x0000, 0x0000, 0x0000, 0x0000, 0x0000, 0x0000, 0x0000,
    0x0000, 0x0000, 0x0000, 0x0000, 0x0000, 0x0000, 0x0000, 0x0000, 0x0000, 0x0000, 0x0000, 0x0000,
    0x0000, 0x0000, 0x0000, 0x0000, 0x0000, 0x0000, 0x0000, 0x0000, 0x0000, 0x0000, 0x0000, 0x0000,
    0x0000, 0x0000, 0x0000, 0x0000, 0x0000, 0x0000, 0x0000, 0x0000, 0x0000, 0x0000, 0x0000, 0x0000,
    0x0000, 0x0000, 0x0000, 0x0000, 0x0000, 0x0000, 0x0000, 0x0000, 0x0000, 0x0000, 0x0000, 0x0000,
    0x0000, 0x0000, 0x0000, 0x0000, 0x0000, 0x0000, 0x0000, 0x0000, 0x0000, 0x0000, 0x0000, 0x0000,
    0x0000, 0x0000, 0x0000, 0x0000, 0x0000, 0x0000, 0x0000, 0x0000, 0x0000, 0x0000, 0x0000, 0x0000,
    0x0000, 0x0000, 0x0000, 0x0000, 0x0000, 0x0000, 0x0000, 0x0000, 0x0000, 0x0000, 0x0000, 0x0000,
    0x0000, 0x0000, 0x0000, 0x0000, 0x0000, 0x0000, 0x0000, 0x0000, 0x0000, 0x0000, 0x0000, 0x0000,
    0x0000, 0x0000, 0x0000, 0x0000, 0x0000, 0x0000, 0x0000, 0x0000, 0x0000, 0x0000, 0x0000, 0x0000,
    0x0000, 0x0000, 0x0000, 0x0000, 0x0000, 0x0000, 0x0000, 0x0000, 0x0000, 0x0000, 0x0000, 0x0000,
    0x0000, 0x0000, 0x0000, 0x0000, 0x0000, 0x0000, 0x0000, 0x0000, 0x0000, 0x0000, 0x0000, 0x0000,
    0x0000, 0x0000, 0x0000, 0x0000, 0x0000, 0x0000, 0x0000, 0x0000, 0x0000, 0x0000, 0x0000, 0x0000,
    0x0000, 0x0000, 0x0000, 0x0000, 0x0000, 0x0000, 0x0000, 0x0000, 0x1905, 0xC2CB, 0xC0C4, 0xC186,
    0x82EB, 0x0862, 0x0000, 0x0000, 0x0000, 0x0000, 0x0000, 0x0000, 0x0000, 0x0000, 0x0000, 0x0000,
    0x0000, 0x0000, 0x0000, 0x0000, 0x0000, 0x0000, 0x0000, 0x0000, 0x0000, 0x0000, 0x0000, 0x0000,
    0x0000, 0x0000, 0x0000, 0x0000, 0x0000, 0x0000, 0x0000, 0x0000, 0x0000, 0x0000, 0x0000, 0x0000,
    0x0000, 0x0000, 0x0000, 0x0000, 0x0000, 0x0000, 0x0000, 0x0000, 0x0000, 0x0000, 0x0000, 0x0000,
    0x0000, 0x0000, 0x0000, 0x0000, 0x0000, 0x0000, 0x0000, 0x0000, 0x0000, 0x0000, 0x0000, 0x0000,
    0x0000, 0x0000, 0x0000, 0x0000, 0x0000, 0x0000, 0x0000, 0x0000, 0x0000, 0x0000, 0x0000, 0x0000,
    0x0000, 0x0000, 0x0000, 0x0000, 0x0000, 0x0000, 0x0000, 0x0000, 0x0000, 0x0000, 0x0000, 0x0000,
    0x0000, 0x0000, 0x0000, 0x0000, 0x0000, 0x0000, 0x0000, 0x0000, 0x0000, 0x0000, 0x0000, 0x0000,
    0x0000, 0x0000, 0x0000, 0x0000, 0x0000, 0x0000, 0x0000, 0x0000, 0x0000, 0x0000, 0x0000, 0x0000,
    0x0000, 0x0000, 0x0000, 0x0000, 0x0000, 0x0000, 0x0000, 0x0000, 0x0000, 0x0000, 0x0000, 0x0000,
    0x0000, 0x0000, 0x0000, 0x0000, 0x0000, 0x0000, 0x0000, 0x0000, 0x0000, 0x0000, 0x0000, 0x0000,
    0x0000, 0x0000, 0x0000, 0x0000, 0x0000, 0x0000, 0x0000, 0x0000, 0x0000, 0x0000, 0x0000, 0x0000,
    0x0000, 0x0000, 0x0000, 0x0000, 0x0000, 0x0000, 0x0000, 0x0000, 0x0000, 0x0000, 0x0000, 0x0000,
    0x0000, 0x0000, 0x0000, 0x0000, 0x0000, 0x0000, 0x0000, 0x0000, 0x0000, 0x0000, 0x0000, 0x0000,
    0x0000, 0x0000, 0x0000, 0x0000, 0x0000, 0x0000, 0x0000, 0x0000, 0x0000, 0x0000, 0x0000, 0x0000,
    0x0000, 0x0000, 0x0000, 0x0000, 0x0000, 0x0000, 0x0000, 0x0000, 0x0000, 0x0000, 0x0000, 0x0000,
    0x0000, 0x0000, 0x0000, 0x0000, 0x0000, 0x0000, 0x0800, 0x0000, 0x734D, 0xD249, 0xC0C4, 0xC2EB,
    0x62CB, 0x0000, 0x0821, 0x0000, 0x0000, 0x0000, 0x0000, 0x0000, 0x0000, 0x0000, 0x0000, 0x0000,
    0x0000, 0x0000, 0x0000, 0x0000, 0x0000, 0x0000, 0x0000, 0x0000, 0x0000, 0x0000, 0x0000, 0x0000,
    0x0000, 0x0000, 0x0000, 0x0000, 0x0000, 0x0000, 0x0000, 0x0000, 0x0000, 0x0000, 0x0000, 0x0000,
    0x0000, 0x0000, 0x0000, 0x0000, 0x0000, 0x0000, 0x0000, 0x0000, 0x0000, 0x0000, 0x0000, 0x0000,
    0x0000, 0x0000, 0x0000, 0x0000, 0x0000, 0x0000, 0x0000, 0x0000, 0x0000, 0x0000, 0x0000, 0x0000,
    0x0000, 0x0000, 0x0000, 0x0000, 0x0000, 0x0000, 0x0000, 0x0000, 0x0000, 0x0000, 0x0000, 0x0000,
    0x0000, 0x0000, 0x0000, 0x0000, 0x0000, 0x0000, 0x0000, 0x0000, 0x0000, 0x0000, 0x0000, 0x0000,
    0x0000, 0x0000, 0x0000, 0x0000, 0x0000, 0x0000, 0x0000, 0x0000, 0x0000, 0x0000, 0x0000, 0x0000,
    0x0000, 0x0000, 0x0000, 0x0000, 0x0000, 0x0000, 0x0000, 0x0000, 0x0000, 0x0000, 0x0000, 0x0000,
    0x0000, 0x0000, 0x0000, 0x0000, 0x0000, 0x0000, 0x0000, 0x0000, 0x0000, 0x0000, 0x0000, 0x0000,
    0x0000, 0x0000, 0x0000, 0x0000, 0x0000, 0x0000, 0x0000, 0x0000, 0x0000, 0x0000, 0x0000, 0x0000,
    0x0000, 0x0000, 0x0000, 0x0000, 0x0000, 0x0000, 0x0000, 0x0000, 0x0000, 0x0000, 0x0000, 0x0000,
    0x0000, 0x0000, 0x0000, 0x0000, 0x0000, 0x0000, 0x0000, 0x0000, 0x0000, 0x0000, 0x0000, 0x0000,
    0x0000, 0x0000, 0x0000, 0x0000, 0x0000, 0x0000, 0x0000, 0x0000, 0x0000, 0x0000, 0x0000, 0x0000,
    0x0000, 0x0000, 0x0000, 0x0000, 0x0000, 0x0000, 0x0000, 0x0000, 0x0000, 0x0000, 0x0000, 0x0000,
    0x0000, 0x0000, 0x0000, 0x0000, 0x0000, 0x0000, 0x0000, 0x0000, 0x0000, 0x0000, 0x0000, 0x0000,
    0x0000, 0x0000, 0x0000, 0x0000, 0x0000, 0x0000, 0x0000, 0x0000, 0x938E, 0xB1A6, 0xB986, 0x8B2C,
    0x0041, 0x0040, 0x0001, 0x0000, 0x0000, 0x0000, 0x0000, 0x0000, 0x0000, 0x0000, 0x0000, 0x0000,
    0x0000, 0x0000, 0x0000, 0x0000, 0x0000, 0x0000, 0x0000, 0x0000, 0x0000, 0x0000, 0x0000, 0x0000,
    0x0000, 0x0000, 0x0000, 0x0000, 0x0000, 0x0000, 0x0000, 0x0000, 0x0000, 0x0000, 0x0000, 0x0000,
    0x0000, 0x0000, 0x0000, 0x0000, 0x0000, 0x0000, 0x0000, 0x0000, 0x0000, 0x0000, 0x0000, 0x0000,
    0x0000, 0x0000, 0x0000, 0x0000, 0x0000, 0x0000, 0x0000, 0x0000, 0x0000, 0x0000, 0x0000, 0x0000,
    0x0000, 0x0000, 0x0000, 0x0000, 0x0000, 0x0000, 0x0000, 0x0000, 0x0000, 0x0000, 0x0000, 0x0000,
    0x0000, 0x0000, 0x0000, 0x0000, 0x0000, 0x0000, 0x0000, 0x0000, 0x0000, 0x0000, 0x0000, 0x0000,
    0x0000, 0x0000, 0x0000, 0x0000, 0x0000, 0x0000, 0x0000, 0x0000, 0x0000, 0x0000, 0x0000, 0x0000,
    0x0000, 0x0000, 0x0000, 0x0000, 0x0000, 0x0000, 0x0000, 0x0000, 0x0000, 0x0000, 0x0000, 0x0000,
    0x0000, 0x0000, 0x0000, 0x0000, 0x0000, 0x0000, 0x0000, 0x0000, 0x0000, 0x0000, 0x0000, 0x0000,
    0x0000, 0x0000, 0x0000, 0x0000, 0x0000, 0x0000, 0x0000, 0x0000, 0x0000, 0x0000, 0x0000, 0x0000,
    0x0000, 0x0000, 0x0000, 0x0000, 0x0000, 0x0000, 0x0000, 0x0000, 0x0000, 0x0000, 0x0000, 0x0000,
    0x0000, 0x0000, 0x0000, 0x0000, 0x0000, 0x0000, 0x0000, 0x0000, 0x0000, 0x0000, 0x0000, 0x0000,
    0x0000, 0x0000, 0x0000, 0x0000, 0x0000, 0x0000, 0x0000, 0x0000, 0x0000, 0x0000, 0x0000, 0x0000,
    0x0000, 0x0000, 0x0000, 0x0000, 0x0000, 0x0000, 0x0000, 0x0000, 0x0000, 0x0000, 0x0000, 0x0000,
    0x0000, 0x0000, 0x0000, 0x0000, 0x0000, 0x0000, 0x0000, 0x0000, 0x0000, 0x0000, 0x0000, 0x0000,
    0x0000, 0x0000, 0x0000, 0x0000, 0x0000, 0x0000, 0x0000, 0x0000, 0x6AEB, 0xAAA9, 0xB38D, 0x3186,
    0x0000, 0x0040, 0x0000, 0x0000, 0x0000, 0x0000, 0x0000, 0x0000, 0x0000, 0x0000, 0x0000, 0x0000,
    0x0000, 0x0000, 0x0000, 0x0000, 0x0000, 0x0000, 0x0000, 0x0000, 0x0000, 0x0000, 0x0000, 0x0000,
    0x0000, 0x0000, 0x0000, 0x0000, 0x0000, 0x0000, 0x0000, 0x0000, 0x0000, 0x0000, 0x0000, 0x0000,
    0x0000, 0x0000, 0x0000, 0x0000, 0x0000, 0x0000, 0x0000, 0x0000, 0x0000, 0x0000, 0x0000, 0x0000,
    0x0000, 0x0000, 0x0000, 0x0000, 0x0000, 0x0000, 0x0000, 0x0000, 0x0000, 0x0000, 0x0000, 0x0000,
    0x0000, 0x0000, 0x0000, 0x0000, 0x0000, 0x0000, 0x0000, 0x0000, 0x0000, 0x0000, 0x0000, 0x0000,
    0x0000, 0x0000, 0x0000, 0x0000, 0x0000, 0x0000, 0x0000, 0x0000, 0x0000, 0x0000, 0x0000, 0x0000,
    0x0000, 0x0000, 0x0000, 0x0000, 0x0000, 0x0000, 0x0000, 0x0000, 0x0000, 0x0000, 0x0000, 0x0000,
    0x0000, 0x0000, 0x0000, 0x0000, 0x0000, 0x0000, 0x0000, 0x0000, 0x0000, 0x0000, 0x0000, 0x0000,
    0x0000, 0x0000, 0x0000, 0x0000, 0x0000, 0x0000, 0x0000, 0x0000, 0x0000, 0x0000, 0x0000, 0x0000,
    0x0000, 0x0000, 0x0000, 0x0000, 0x0000, 0x0000, 0x0000, 0x0000, 0x0000, 0x0000, 0x0000, 0x0000,
    0x0000, 0x0000, 0x0000, 0x0000, 0x0000, 0x0000, 0x0000, 0x0000, 0x0000, 0x0000, 0x0000, 0x0000,
    0x0000, 0x0000, 0x0000, 0x0000, 0x0000, 0x0000, 0x0000, 0x0000, 0x0000, 0x0000, 0x0000, 0x0000,
    0x0000, 0x0000, 0x0000, 0x0000, 0x0000, 0x0000, 0x0000, 0x0000, 0x0000, 0x0000, 0x0000, 0x0000,
    0x0000, 0x0000, 0x0000, 0x0000, 0x0000, 0x0000, 0x0000, 0x0000, 0x0000, 0x0000, 0x0000, 0x0000,
    0x0000, 0x0000, 0x0000, 0x0000, 0x0000, 0x0000, 0x0000, 0x0000, 0x0000, 0x0000, 0x0000, 0x0000,
    0x0000, 0x0000, 0x0000, 0x0000, 0x0000, 0x0000, 0x0020, 0x0020, 0x1104, 0x5269, 0x2986, 0x0000,
    0x0800, 0x0000, 0x0000, 0x0000, 0x0000, 0x0000, 0x0000, 0x0000, 0x0000, 0x0000, 0x0000, 0x0000,
    0x0000, 0x0000, 0x0000, 0x0000, 0x0000, 0x0000, 0x0000, 0x0000, 0x0000, 0x0000, 0x0000, 0x0000,
    0x0000, 0x0000, 0x0000, 0x0000, 0x0000, 0x0000, 0x0000, 0x0000, 0x0000, 0x0000, 0x0000, 0x0000,
    0x0000, 0x0000, 0x0000, 0x0000, 0x0000, 0x0000, 0x0000, 0x0000, 0x0000, 0x0000, 0x0000, 0x0000,
    0x0000, 0x0000, 0x0000, 0x0000, 0x0000, 0x0000, 0x0000, 0x0000, 0x0000, 0x0000, 0x0000, 0x0000,
    0x0000, 0x0000, 0x0000, 0x0000, 0x0000, 0x0000, 0x0000, 0x0000, 0x0000, 0x0000, 0x0000, 0x0000,
    0x0000, 0x0000, 0x0000, 0x0000, 0x0000, 0x0000, 0x0000, 0x0000, 0x0000, 0x0000, 0x0000, 0x0000,
    0x0000, 0x0000, 0x0000, 0x0000, 0x0000, 0x0000, 0x0000, 0x0000, 0x0000, 0x0000, 0x0000, 0x0000,
    0x0000, 0x0000, 0x0000, 0x0000, 0x0000, 0x0000, 0x0000, 0x0000, 0x0000, 0x0000, 0x0000, 0x0000,
    0x0000, 0x0000, 0x0000, 0x0000, 0x0000, 0x0000, 0x0000, 0x0000, 0x0000, 0x0000, 0x0000, 0x0000,
    0x0000, 0x0000, 0x0000, 0x0000, 0x0000, 0x0000, 0x0000, 0x0000, 0x0000, 0x0000, 0x0000, 0x0000,
    0x0000, 0x0000, 0x0000, 0x0000, 0x0000, 0x0000, 0x0000, 0x0000, 0x0000, 0x0000, 0x0000, 0x0000,
    0x0000, 0x0000, 0x0000, 0x0000, 0x0000, 0x0000, 0x0000, 0x0000, 0x0000, 0x0000, 0x0000, 0x0000,
    0x0000, 0x0000, 0x0000, 0x0000, 0x0000, 0x0000, 0x0000, 0x0000, 0x0000, 0x0000, 0x0000, 0x0000,
    0x0000, 0x0000, 0x0000, 0x0000, 0x0000, 0x0000, 0x0000, 0x0000, 0x0000, 0x0000, 0x0000, 0x0000,
    0x0000, 0x0000, 0x0000, 0x0000, 0x0000, 0x0000, 0x0000, 0x0000, 0x0000, 0x0000, 0x0000, 0x0000,
    0x0000, 0x0000, 0x0000, 0x0000, 0x0000, 0x0000, 0x0000, 0x0021, 0x0000, 0x0000, 0x0000, 0x0000,
    0x0000, 0x0000, 0x0000, 0x0000, 0x0000, 0x0000, 0x0000, 0x0000, 0x0000, 0x0000, 0x0000, 0x0000,
    0x0000, 0x0000, 0x0000, 0x0000, 0x0000, 0x0000, 0x0000, 0x0000, 0x0000, 0x0000, 0x0000, 0x0000,
    0x0000, 0x0000, 0x0000, 0x0000, 0x0000, 0x0000, 0x0000, 0x0000, 0x0000, 0x0000, 0x0000, 0x0000,
    0x0000, 0x0000, 0x0000, 0x0000, 0x0000, 0x0000, 0x0000, 0x0000, 0x0000, 0x0000, 0x0000, 0x0000,
    0x0000, 0x0000, 0x0000, 0x0000, 0x0000, 0x0000, 0x0000, 0x0000, 0x0000, 0x0000, 0x0000, 0x0000,
    0x0000, 0x0000, 0x0000, 0x0000, 0x0000, 0x0000, 0x0000, 0x0000, 0x0000, 0x0000, 0x0000, 0x0000,
    0x0000, 0x0000, 0x0000, 0x0000, 0x0000, 0x0000, 0x0000, 0x0000, 0x0000, 0x0000, 0x0000, 0x0000,
    0x0000, 0x0000, 0x0000, 0x0000, 0x0000, 0x0000, 0x0000, 0x0000, 0x0000, 0x0000, 0x0000, 0x0000,
    0x0000, 0x0000, 0x0000, 0x0000, 0x0000, 0x0000, 0x0000, 0x0000, 0x0000, 0x0000, 0x0000, 0x0000,
    0x0000, 0x0000, 0x0000, 0x0000, 0x0000, 0x0000, 0x0000, 0x0000, 0x0000, 0x0000, 0x0000, 0x0000,
    0x0000, 0x0000, 0x0000, 0x0000, 0x0000, 0x0000, 0x0000, 0x0000, 0x0000, 0x0000, 0x0000, 0x0000,
    0x0000, 0x0000, 0x0000, 0x0000, 0x0000, 0x0000, 0x0000, 0x0000, 0x0000, 0x0000, 0x0000, 0x0000,
    0x0000, 0x0000, 0x0000, 0x0000, 0x0000, 0x0000, 0x0000, 0x0000, 0x0000, 0x0000, 0x0000, 0x0000,
    0x0000, 0x0000, 0x0000, 0x0000, 0x0000, 0x0000, 0x0000, 0x0000, 0x0000, 0x0000, 0x0000, 0x0000,
    0x0000, 0x0000, 0x0000, 0x0000, 0x0000, 0x0000, 0x0000, 0x0000, 0x0000, 0x0000, 0x0000, 0x0000,
    0x0000, 0x0000, 0x0000, 0x0000, 0x0000, 0x0000, 0x0000, 0x0000, 0x0000, 0x0000, 0x0000, 0x0000,
    0x0000, 0x0000, 0x0000, 0x0000, 0x0000, 0x0000, 0x0000, 0x0800, 0x0800, 0x0820, 0x0020, 0x0020,
    0x0000, 0x0000, 0x0020, 0x0000, 0x0000, 0x0000, 0x0000, 0x0000, 0x0000, 0x0000, 0x0000, 0x0000,
    0x0000, 0x0000, 0x0000, 0x0000, 0x0000, 0x0000, 0x0000, 0x0000, 0x0000, 0x0000, 0x0000, 0x0000,
    0x0000, 0x0000, 0x0000, 0x0000, 0x0000, 0x0000, 0x0000, 0x0000, 0x0000, 0x0000, 0x0000, 0x0000,
    0x0000, 0x0000, 0x0000, 0x0000, 0x0000, 0x0000, 0x0000, 0x0000, 0x0000, 0x0000, 0x0000, 0x0000,
    0x0000, 0x0000, 0x0000, 0x0000, 0x0000, 0x0000, 0x0000, 0x0000, 0x0000, 0x0000, 0x0000, 0x0000,
    0x0000, 0x0000, 0x0000, 0x0000, 0x0000, 0x0000, 0x0000, 0x0000, 0x0000, 0x0000, 0x0000, 0x0000,
    0x0000, 0x0000, 0x0000, 0x0000, 0x0000, 0x0000, 0x0000, 0x0000, 0x0000, 0x0000, 0x0000, 0x0000,
    0x0000, 0x0000, 0x0000, 0x0000, 0x0000, 0x0000, 0x0000, 0x0000, 0x0000, 0x0000, 0x0000, 0x0000,
    0x0000, 0x0000, 0x0000, 0x0000, 0x0000, 0x0000, 0x0000, 0x0000, 0x0000, 0x0000, 0x0000, 0x0000,
    0x0000, 0x0000, 0x0000, 0x0000, 0x0000, 0x0000, 0x0000, 0x0000, 0x0000, 0x0000, 0x0000, 0x0000,
    0x0000, 0x0000, 0x0000, 0x0000, 0x0000, 0x0000, 0x0000, 0x0000, 0x0000, 0x0000, 0x0000, 0x0000,
    0x0000, 0x0000, 0x0000, 0x0000, 0x0000, 0x0000, 0x0000, 0x0000, 0x0000, 0x0000, 0x0000, 0x0000,
    0x0000, 0x0000, 0x0000, 0x0000, 0x0000, 0x0000, 0x0000, 0x0000, 0x0000, 0x0000, 0x0000, 0x0000,
    0x0000, 0x0000, 0x0000, 0x0000, 0x0000, 0x0000, 0x0000, 0x0000, 0x0000, 0x0000, 0x0000, 0x0000,
    0x0000, 0x0000, 0x0000, 0x0000, 0x0000, 0x0000, 0x0000, 0x0000, 0x0000, 0x0000, 0x0000, 0x0000,
    0x0000, 0x0000, 0x0000, 0x0000, 0x0000, 0x0000, 0x0000, 0x0000, 0x0000, 0x0000, 0x0000, 0x0000,
};
